mof,1s,2s,3s,4s,5s,6s,2p,3p,4p,5p,3d,4d,5d,4f,metal,nlinker,linker1smi,linker2smi,temperature,time,oxidation_state,solvent1,solvent2,solvent3, additive
OFODET_clean,2,2,2,2,0,0,6,6,0,0,5,0,0,0,Mn,1,O=C(O)c1cc(NNc2cc(C(=O)O)cc(C(=O)O)c2)cc(C(=O)O)c1,O=C(O)c1cc(NNc2cc(C(=O)O)cc(C(=O)O)c2)cc(C(=O)O)c1,55,48,2,962,6228,174,313
XAVKIR_clean,2,2,2,1,0,0,6,6,0,0,10,0,0,0,Cu,1,O=C(O)c1cc(NC(=O)c2ccc3cc(NC(=O)c4cncc(C(=O)Nc5ccc6cc(C(=O)Nc7cc(C(=O)O)cc(C(=O)O)c7)ccc6c5)c4)ccc3c2)cc(C(=O)O)c1,O=C(O)c1cc(NC(=O)c2ccc3cc(NC(=O)c4cncc(C(=O)Nc5ccc6cc(C(=O)Nc7cc(C(=O)O)cc(C(=O)O)c7)ccc6c5)c4)ccc3c2)cc(C(=O)O)c1,55,120,2,962,6228,0000,313
LATPIG_clean,2,2,2,2,0,0,6,6,0,0,10,0,0,0,Zn,1,c1nc[nH]n1,c1nc[nH]n1,60,24,2,962,0000,0000,0000
MOYYIJ_clean,2,2,2,1,0,0,6,6,0,0,10,0,0,0,Cu,1,O=C(O)c1ccc(-c2cccc(C(=O)O)c2)cc1,O=C(O)c1ccc(-c2cccc(C(=O)O)c2)cc1,60,48,2,962,6228,702,0000
OFOCUI_clean,2,2,2,1,0,0,6,6,0,0,10,0,0,0,Cu,1,O=C(O)c1cc(NNc2cc(C(=O)O)cc(C(=O)O)c2)cc(C(=O)O)c1,O=C(O)c1cc(NNc2cc(C(=O)O)cc(C(=O)O)c2)cc(C(=O)O)c1,60,48,2,962,6228,702,944
RUFZID_clean,2,2,2,1,0,0,6,6,0,0,10,0,0,0,Cu,1,Cc1n[nH]c(C)n1,Cc1n[nH]c(C)n1,60,72,2,962,6228,887,0000
OPENUT_clean,2,2,2,2,2,2,6,6,6,6,10,10,0,7,Eu,1,O=C(O)c1cccc(C(=O)O)c1,O=C(O)c1cccc(C(=O)O)c1,60,96,3,962,6228,0000,0000
INOVEN_clean,2,2,2,2,2,2,6,6,6,6,10,10,1,0,Gd,1,O=C(O)c1ccc(NNc2cc(C(=O)O)cc(C(=O)O)c2)cc1,O=C(O)c1ccc(NNc2cc(C(=O)O)cc(C(=O)O)c2)cc1,60,168,3,6228,702,0000,0000
YEMJAC_clean,2,2,2,2,2,2,6,6,6,6,10,10,0,10,Dy,1,O=C(O)c1cc(C(=O)O)cc(C(=O)O)c1,O=C(O)c1cc(C(=O)O)cc(C(=O)O)c1,60,168,3,6228,702,0000,944
QUQFIS_clean,2,2,2,2,0,0,6,6,0,0,10,0,0,0,Zn,1,O=C(O)c1cc(C(=O)O)cc(-c2cc(-c3cc(C(=O)O)cc(C(=O)O)c3)cc(-c3cc(C(=O)O)cc(C(=O)O)c3)c2)c1,O=C(O)c1cc(C(=O)O)cc(-c2cc(-c3cc(C(=O)O)cc(C(=O)O)c3)cc(-c3cc(C(=O)O)cc(C(=O)O)c3)c2)c1,65,24,2,962,6228,887,0000
QUQFOY_clean,2,2,2,2,2,0,6,6,6,0,10,10,0,0,Cd,1,O=C(O)c1cc(C(=O)O)cc(-c2cc(-c3cc(C(=O)O)cc(C(=O)O)c3)cc(-c3cc(C(=O)O)cc(C(=O)O)c3)c2)c1,O=C(O)c1cc(C(=O)O)cc(-c2cc(-c3cc(C(=O)O)cc(C(=O)O)c3)cc(-c3cc(C(=O)O)cc(C(=O)O)c3)c2)c1,65,24,2,6228,702,0000,0000
YUGLES_clean,2,2,2,1,0,0,6,6,0,0,10,0,0,0,Cu,1,O=C(O)c1cc(C#Cc2cc(C(=O)O)cc(C(=O)O)c2)cc(C(=O)O)c1,O=C(O)c1cc(C#Cc2cc(C(=O)O)cc(C(=O)O)c2)cc(C(=O)O)c1,65,24,2,6228,679,0000,944
EBUREA_clean,2,2,2,2,0,0,6,6,0,0,5,0,0,0,Mn,1,O=C(O)c1ccc(NNc2cc(C(=O)O)cc(C(=O)O)c2)cc1,O=C(O)c1ccc(NNc2cc(C(=O)O)cc(C(=O)O)c2)cc1,65,48,2,962,0000,0000,0000
LIKGUJ_clean,2,2,2,1,0,0,6,6,0,0,10,0,0,0,Cu,1,O=C1OC(=O)C2=C3C1=CC1C(=O)OC(=O)C4=C1C3C1=C(C4)C(=O)OC(=O)C1=C2,O=C1OC(=O)C2=C3C1=CC1C(=O)OC(=O)C4=C1C3C1=C(C4)C(=O)OC(=O)C1=C2,65,48,2,962,6228,0000,313
QOZPIG_clean,2,2,2,2,2,0,6,6,6,0,10,10,0,0,Cd,1,O=C(O)c1cc(C(=O)Nn2cnnc2)c(C(=O)O)cc1C(=O)Nn1cnnc1,O=C(O)c1cc(C(=O)Nn2cnnc2)c(C(=O)O)cc1C(=O)Nn1cnnc1,65,48,2,6228,0000,0000,28118
RUGZAW_clean,2,2,2,2,0,0,6,6,0,0,10,0,0,0,Zn,2,O=C(O)c1ccc(-c2cc(-c3ccncc3)cc(-c3ccc(C(=O)O)cc3)n2)cc1,Nc1n[nH]c(N)n1,70,72,2,962,6228,702,0000
YAVWUQ_clean,2,2,2,1,0,0,6,6,0,0,10,0,0,0,Cu,1,O=C(O)c1cc(C(=O)O)cc(-c2nnc(-c3cc(C(=O)O)cc(C(=O)O)c3)[nH]2)c1,O=C(O)c1cc(C(=O)O)cc(-c2nnc(-c3cc(C(=O)O)cc(C(=O)O)c3)[nH]2)c1,70,96,2,6228,0000,0000,313
LELROL_clean,2,2,2,2,0,0,6,6,0,0,5,0,0,0,Mn,1,c1cc(C23CC4(c5ccc(-c6nnn[nH]6)cc5)CC(c5ccc(-c6nnn[nH]6)cc5)(C2)CC(c2ccc(-c5nnn[nH]5)cc2)(C3)C4)ccc1-c1nn[nH]n1,c1cc(C23CC4(c5ccc(-c6nnn[nH]6)cc5)CC(c5ccc(-c6nnn[nH]6)cc5)(C2)CC(c2ccc(-c5nnn[nH]5)cc2)(C3)C4)ccc1-c1nn[nH]n1,70,192,2,6228,887,0000,0000
XUGROI_clean,2,2,2,1,0,0,6,6,0,0,10,0,0,0,Cu,1,O=C(O)c1cccc(-c2cc(-c3cccc(C(=O)O)c3)c(-c3cccc(C(=O)O)c3)cc2-c2cccc(C(=O)O)c2)c1,O=C(O)c1cccc(-c2cc(-c3cccc(C(=O)O)c3)c(-c3cccc(C(=O)O)c3)cc2-c2cccc(C(=O)O)c2)c1,75,24,2,962,6228,0000,313
ZIKJOU_clean,2,2,2,1,0,0,6,6,0,0,10,0,0,0,Cu,1,O=C(O)c1ccc(CN(Cc2ccc(C(=O)O)cc2)c2cc(C(=O)O)cc(C(=O)O)c2)cc1,O=C(O)c1ccc(CN(Cc2ccc(C(=O)O)cc2)c2cc(C(=O)O)cc(C(=O)O)c2)cc1,75,30,2,6228,887,0000,28118
ZIKJIO_clean,2,2,2,1,0,0,6,6,0,0,10,0,0,0,Cu,1,O=C(O)c1ccc(CN(Cc2ccc(C(=O)O)cc2)c2cc(C(=O)O)cc(C(=O)O)c2)cc1,O=C(O)c1ccc(CN(Cc2ccc(C(=O)O)cc2)c2cc(C(=O)O)cc(C(=O)O)c2)cc1,75,36,2,6228,0000,0000,28118
DOZCEC_clean,2,2,2,2,0,0,6,6,0,0,5,0,0,0,Mn,1,c1cc(-c2c3ccc(n3)c(-c3ccc(-c4nnn[nH]4)cc3)c3ccc([nH]3)c(-c3ccc(-c4nnn[nH]4)cc3)c3ccc(n3)c(-c3ccc(-c4nnn[nH]4)cc3)c3ccc2[nH]3)ccc1-c1nn[nH]n1,c1cc(-c2c3ccc(n3)c(-c3ccc(-c4nnn[nH]4)cc3)c3ccc([nH]3)c(-c3ccc(-c4nnn[nH]4)cc3)c3ccc(n3)c(-c3ccc(-c4nnn[nH]4)cc3)c3ccc2[nH]3)ccc1-c1nn[nH]n1,75,48,3,12051,887,0000,313
ECIWIW_clean,2,2,2,2,2,0,6,6,6,0,10,10,0,0,Cd,1,O=C(O)c1ccc(-c2ccncc2)cc1,O=C(O)c1ccc(-c2ccncc2)cc1,75,48,2,702,0000,0000,0000
BAZFUF01_clean,2,2,2,1,0,0,6,6,0,0,10,0,0,0,Cu,1,O=C(O)c1ccc(-c2cc(-c3ccc(C(=O)O)cc3)cc(-c3ccc(C(=O)O)cc3)c2)cc1,O=C(O)c1ccc(-c2cc(-c3ccc(C(=O)O)cc3)cc(-c3ccc(C(=O)O)cc3)c2)cc1,80,24,2,1049,6228,702,243
REDROI_clean,2,2,2,2,0,0,6,6,0,0,10,0,0,0,Zn,1,O=C(O)c1ccc(C(=O)O)cc1,O=C(O)c1ccc(C(=O)O)cc1,80,24,2,6228,0000,0000,0000
SUKYIH_clean,2,2,2,1,0,0,6,6,0,0,10,0,0,0,Cu,1,O=C(O)c1ccc(C(c2ccc(C(=O)O)cc2)(c2ccc(C(=O)O)cc2)c2ccc(C(=O)O)cc2)cc1,O=C(O)c1ccc(C(c2ccc(C(=O)O)cc2)(c2ccc(C(=O)O)cc2)c2ccc(C(=O)O)cc2)cc1,80,24,2,962,0000,0000,313
TANMIH_clean,2,2,2,2,0,0,6,6,0,0,7,0,0,0,Co,1,O=C(O)c1ccc(Cn2cnc(C(=O)O)c2C(=O)O)cc1,O=C(O)c1ccc(Cn2cnc(C(=O)O)c2C(=O)O)cc1,80,24,2,962,12051,0000,0000
WOGHEG_clean,2,2,2,2,0,0,6,6,0,0,10,0,0,0,Zn,2,O=C(O)C=Cc1ccc(C(=O)O)cc1,c1cc(-c2nnc(-c3ccncc3)nn2)ccn1,80,24,2,6228,0000,0000,0000
APAZOI_clean,2,2,2,2,2,2,6 ,6,6,6,10,10,1,0,La,1,O=C(O)c1ccc(-c2cc(C(=O)O)cc(C(=O)O)c2)cc1,O=C(O)c1ccc(-c2cc(C(=O)O)cc(C(=O)O)c2)cc1,80,48,3,962,6228,887,0000
DIVSUY_clean,2,2,2,2,2,2,6,6,6,6,10,10,0,7,Eu,1,O=C(O)c1ccc(-c2cc(C(=O)O)cc(C(=O)O)c2)cc1,O=C(O)c1ccc(-c2cc(C(=O)O)cc(C(=O)O)c2)cc1,80,48,3,962,6228,702,0000
IYOQAQ_clean,2,2,2,2,0,0,6,6,0,0,10,0,0,0,Zn,1,O=C(O)c1cc(C(=O)O)cc(-c2nn[nH]n2)c1,O=C(O)c1cc(C(=O)O)cc(-c2nn[nH]n2)c1,80,48,2,962,6228,0000,0000
OQETEK_clean,2,2,2,2,2,0,6,6,6,0,10,1,0,0,Y,1,O=C(O)c1ccc(-c2cc(C(=O)O)cc(C(=O)O)c2)cc1,O=C(O)c1ccc(-c2cc(C(=O)O)cc(C(=O)O)c2)cc1,80,48,3,962,6228,702,0000
QEBKUF_SL,2,2,2,2,0,0,6,6,0,0,10,0,0,0,Zn,1,O=C(O)c1ccc(-c2cc(-c3ccc(C(=O)O)cc3)cc(C(c3cc(-c4ccc(C(=O)O)cc4)cc(-c4ccc(C(=O)O)cc4)c3)(c3cc(-c4ccc(C(=O)O)cc4)cc(-c4ccc(C(=O)O)cc4)c3)c3cc(-c4ccc(C(=O)O)cc4)cc(-c4ccc(C(=O)O)cc4)c3)c2)cc1,O=C(O)c1ccc(-c2cc(-c3ccc(C(=O)O)cc3)cc(C(c3cc(-c4ccc(C(=O)O)cc4)cc(-c4ccc(C(=O)O)cc4)c3)(c3cc(-c4ccc(C(=O)O)cc4)cc(-c4ccc(C(=O)O)cc4)c3)c3cc(-c4ccc(C(=O)O)cc4)cc(-c4ccc(C(=O)O)cc4)c3)c2)cc1,80,48,2,962,6228,0000,313
TEMPAE_clean,2,2,2,2,0,0,6,6,0,0,10,0,0,0,Zn,1,Cc1cc(C(=O)O)cc(C)c1-c1c(C)cc(C(=O)O)cc1C,Cc1cc(C(=O)O)cc(C)c1-c1c(C)cc(C(=O)O)cc1C,80,48,2,6228,0000,0000,0000
TORPUN_clean,2,2,2,2,2,2,6,6,6,6,10,10,0,9,Tb,1,O=C(O)c1ccc(C(=O)c2cc(C(=O)c3ccc(C(=O)O)cc3)cc(C(=O)c3ccc(C(=O)O)cc3)c2)cc1,O=C(O)c1ccc(C(=O)c2cc(C(=O)c3ccc(C(=O)O)cc3)cc(C(=O)c3ccc(C(=O)O)cc3)c2)cc1,80,48,3,962,6228,702,0000
ZUDQUM_clean,2,2,2,2,0,0,6,6,0,0,5,0,0,0,Mn,1,O=C(O)c1cc(C(=O)O)cc(C(=O)O)c1,O=C(O)c1cc(C(=O)O)cc(C(=O)O)c1,80,48,2,962,6228,0000,0000
AQIXUV_clean,2,2,2,2,0,0,6,6,0,0,8,0,0,0,Ni,2,C(=Cc1ccncc1)c1ccncc1,Cc1c(COc2ccc(C(=O)O)cc2)c(C)c(COc2ccc(C(=O)O)cc2)c(C)c1COc1ccc(C(=O)O)cc1,80,72,2,962,6228,0000,0000
BUSRUE_clean,2,2,2,2,2,0,6,6,6,0,10,10,0,0,Cd,2,O=C(O)c1ccc(-c2ccc(C(=O)O)cc2)cc1,O=c1c2ccc3c(=O)n(-c4ccncc4)c(=O)c4ccc(c(=O)n1-c1ccncc1)c2c34,80,72,2,6228,0000,0000,0000
CUYQIX_clean,2,2,2,2,0,0,6,6,0,0,10,0,0,0,Zn,1,O=C(O)CC(CC(=O)O)C(=O)O,O=C(O)CC(CC(=O)O)C(=O)O,80,72,2,962,0000,0000,0000
GOVWOF_clean,2,2,2,2,0,0,6,6,0,0,5,0,0,0,Mn,1,O=C(O)c1cc(OCc2c(COc3cc(C(=O)O)cc(C(=O)O)c3)c(COc3cc(C(=O)O)cc(C(=O)O)c3)c(COc3cc(C(=O)O)cc(C(=O)O)c3)c(COc3cc(C(=O)O)cc(C(=O)O)c3)c2COc2cc(C(=O)O)cc(C(=O)O)c2)cc(C(=O)O)c1,O=C(O)c1cc(OCc2c(COc3cc(C(=O)O)cc(C(=O)O)c3)c(COc3cc(C(=O)O)cc(C(=O)O)c3)c(COc3cc(C(=O)O)cc(C(=O)O)c3)c(COc3cc(C(=O)O)cc(C(=O)O)c3)c2COc2cc(C(=O)O)cc(C(=O)O)c2)cc(C(=O)O)c1,80,72,2,12051,0000,0000,0000
HAJDII_clean,2,2,2,2,2,2,6,6,6,6,10,10,0,9,Tb,1,O=C(O)c1ccc(Oc2ccc(C(=O)O)cc2)cc1,O=C(O)c1ccc(Oc2ccc(C(=O)O)cc2)cc1,80,72,3,962,6228,0000,0000
HOVQAM_clean,2,2,2,2,0,0,6,6,0,0,7,0,0,0,Co,1,c1cc(-c2ccc(-c3cc[nH]c3)cc2)c[nH]1,c1cc(-c2ccc(-c3cc[nH]c3)cc2)c[nH]1,80,72,2,962,0000,0000,14798
HUCFAO_clean,2,2,2,2,0,0,6,6,0,0,5,0,0,0,Mn,1,O=C(O)CCn1c(=O)n(CCC(=O)O)c(=O)n(CCC(=O)O)c1=O,O=C(O)CCn1c(=O)n(CCC(=O)O)c(=O)n(CCC(=O)O)c1=O,80,72,2,962,31374,887,0000
ILAGUY_charged,2,2,2,2,2,0,6,6,6,0,10,10,0,0,Cd,2,c1cncc(CN2CCN(Cc3cccnc3)CC2)c1,O=C(O)c1ccccc1-c1ccccc1C(=O)O,80,72,2,962,0000,0000,0000
IVARUT_clean,2,2,2,2,2,0,6,6,6,0,10,10,0,0,Cd,2,c1cc(CN2CCN(Cc3ccncc3)CC2)ccn1,O=C(O)CCc1ccc(CCC(=O)O)cc1,80,72,2,962,0000,0000,0000
KEWBUL_clean,2,2,2,2,2,2,6,6,6,6,10,10,0,7,Eu,1,CC1(C)c2cc(C(=O)O)ccc2-c2ccc(C(=O)O)cc21,CC1(C)c2cc(C(=O)O)ccc2-c2ccc(C(=O)O)cc21,80,72,3,962,6228,702,0000
LAWHOJ_clean,2,2,2,2,2,0,6,6,6,0,10,10,0,0,Cd,1,O=C(O)c1ccc(C(=O)O)c2nsnc12,O=C(O)c1ccc(C(=O)O)c2nsnc12,80,72,2,962,6228,702,0000
MOTVOI_clean,2,2,2,2,2,2,6,6,6,6,10,10,0,7,Eu,1,CC1(O)c2cc(C(=O)O)ccc2-c2ccc(C(=O)O)cc21,CC1(O)c2cc(C(=O)O)ccc2-c2ccc(C(=O)O)cc21,80,72,3,962,6228,6342,0000
USORUR_clean,2,2,2,2,0,0,6,6,0,0,10,0,0,0,Zn,1,O=C(O)c1ccc(Oc2cc(Oc3ccc(C(=O)O)cc3)cc(Oc3ccc(C(=O)O)cc3)c2)cc1,O=C(O)c1ccc(Oc2cc(Oc3ccc(C(=O)O)cc3)cc(Oc3ccc(C(=O)O)cc3)c2)cc1,80,72,2,962,0000,0000,0000
VEZWEE_clean,2,2,2,2,0,0,6,6,0,0,5,0,0,0,Mn,2,O=C(O)C1C=CN(CCCCN2C=CC(C(=O)O)C=C2)C=C1,NNN,80,72,2,962,887,0000,0000
VOGPEO_clean,2,2,2,1,0,0,6,6,0,0,10,0,0,0,Cu,1,O=C(O)c1cc(C(=O)O)cc(-c2cc(C(=O)O)cc(-c3cc(C(=O)O)cc(C(=O)O)c3)c2)c1,O=C(O)c1cc(C(=O)O)cc(-c2cc(C(=O)O)cc(-c3cc(C(=O)O)cc(C(=O)O)c3)c2)c1,80,72,2,962,6228,0000,944
ZUDQEW_clean,2,2,2,2,2,0,6,6,6,0,10,10,0,0,Cd,1,O=C(O)c1cc(C(=O)O)cc(C(=O)O)c1,O=C(O)c1cc(C(=O)O)cc(C(=O)O)c1,80,72,2,962,6228,0000,0000
ZUDRAT_clean,2,2,2,2,0,0,6,6,0,0,5,0,0,0,Mn,1,O=C(O)c1cc(C(=O)O)cc(C(=O)O)c1,O=C(O)c1cc(C(=O)O)cc(C(=O)O)c1,80,72,2,962,6228,0000,0000
NAWDUN_clean,2,2,2,1,0,0,6,6,0,0,10,0,0,0,Cu,1,CCC(C)CC1(CC(C)CC)c2cc(-c3cc(C(=O)O)cc(C(=O)O)c3)ccc2-c2ccc(-c3cc(C(=O)O)cc(C(=O)O)c3)cc21,CCC(C)CC1(CC(C)CC)c2cc(-c3cc(C(=O)O)cc(C(=O)O)c3)ccc2-c2ccc(-c3cc(C(=O)O)cc(C(=O)O)c3)cc21,80,96,2,962,6228,702,313
AVAQIX_clean,2,2,2,2,2,0,6,6,6,0,10,10,0,0,Cd,1,O=C(O)c1ccncc1,O=C(O)c1ccncc1,80,504,2,6228,0000,0000,0000
ADASOP_clean,2,2,2,2,0,0,6,6,0,0,10,0,0,0,Zn,1,O=C(O)c1cc(OCc2cc(COc3cc(C(=O)O)cc(C(=O)O)c3)cc(COc3cc(C(=O)O)cc(C(=O)O)c3)c2)cc(C(=O)O)c1,O=C(O)c1cc(OCc2cc(COc3cc(C(=O)O)cc(C(=O)O)c3)cc(COc3cc(C(=O)O)cc(C(=O)O)c3)c2)cc(C(=O)O)c1,85,12,2,6228,13387,0000,0000
ADATIK_clean,2,2,2,1,0,0,6,6,0,0,10,0,0,0,Cu,1,O=C(O)c1cc(NC(=O)c2ccc(-c3nnn[nH]3)cc2)cc(C(=O)O)c1,O=C(O)c1cc(NC(=O)c2ccc(-c3nnn[nH]3)cc2)cc(C(=O)O)c1,85,12,2,6228,0000,0000,0000
RIDCEN_charged,2,2,2,2,2,0,6,6,6,1,10,10,0,0,In,1,O=C(O)c1cc(N=Nc2cc(C(=O)O)cc(C(=O)O)c2)cc(C(=O)O)c1,O=C(O)c1cc(N=Nc2cc(C(=O)O)cc(C(=O)O)c2)cc(C(=O)O)c1,85,12,3,6228,6342,0000,944
RUVKAV_clean,2,2,2,1,0,0,6,6,0,0,10,0,0,0,Cu,1,O=C(O)c1cc(C#CC#Cc2cc(C(=O)O)cc(C(=O)O)c2)cc(C(=O)O)c1,O=C(O)c1cc(C#CC#Cc2cc(C(=O)O)cc(C(=O)O)c2)cc(C(=O)O)c1,85,12,2,962,6228,702,944
WIJXIY_clean,2,2,2,2,0,0,6,6,0,0,10,0,0,0,Zn,1,O=C(O)c1ccc2c(c1)[nH]c1cc(C(=O)O)ccc12,O=C(O)c1ccc2c(c1)[nH]c1cc(C(=O)O)ccc12,85,16,2,12051,0000,0000,0000
EYACOX_clean,2,2,2,2,2,2,6,6,6,6,10,10,0,7,Eu,1,O=C(O)c1cc(C#CC#Cc2cc(C(=O)O)cc(C(=O)O)c2)cc(C(=O)O)c1,O=C(O)c1cc(C#CC#Cc2cc(C(=O)O)cc(C(=O)O)c2)cc(C(=O)O)c1,85,17,3,6228,887,0000,944
AROFAP_clean,2,2,2,2,2,0,6,6,6,0,10,10,0,0,Cd,1,O=C(O)c1ccc(OCC(COc2ccc(C(=O)O)cc2)(COc2ccc(C(=O)O)cc2)COc2ccc(C(=O)O)cc2)cc1,O=C(O)c1ccc(OCC(COc2ccc(C(=O)O)cc2)(COc2ccc(C(=O)O)cc2)COc2ccc(C(=O)O)cc2)cc1,85,24,2,962,6228,0000,0000
DOZKIO_clean,2,2,2,2,2,2,6,6,6,6,10,10,0,7,Eu,1,O=C(O)c1cc(C(=O)O)cc(-c2cc(-c3cc(C(=O)O)cc(C(=O)O)c3)c3ccc4c(-c5cc(C(=O)O)cc(C(=O)O)c5)cc(-c5cc(C(=O)O)cc(C(=O)O)c5)c5ccc2c3c54)c1,O=C(O)c1cc(C(=O)O)cc(-c2cc(-c3cc(C(=O)O)cc(C(=O)O)c3)c3ccc4c(-c5cc(C(=O)O)cc(C(=O)O)c5)cc(-c5cc(C(=O)O)cc(C(=O)O)c5)c5ccc2c3c54)c1,85,24,3,962,6228,0000,944
EXAXAE_clean,2,2,2,1,0,0,6,6,0,0,10,0,0,0,Cu,1,O=C(O)c1cncc(C(=O)O)c1,O=C(O)c1cncc(C(=O)O)c1,85,24,1,6228,0000,0000,944
QIPROY_clean,2,2,2,1,0,0,6,6,0,0,10,0,0,0,Cu,1,c1cncc(OCC(COc2cccnc2)(COc2cccnc2)COc2cccnc2)c1,c1cncc(OCC(COc2cccnc2)(COc2cccnc2)COc2cccnc2)c1,85,24,2,962,0000,0000,971
YUMFUJ_clean,2,2,2,2,2,2,6 ,6,6,6,10,10,1,0,La,1,O=C(O)c1ccc(-c2ccc(-c3cc(C(=O)O)cc(C(=O)O)c3)cc2)cc1,O=C(O)c1ccc(-c2ccc(-c3cc(C(=O)O)cc(C(=O)O)c3)cc2)cc1,85,24,3,962,679,0000,0000
ADARAA_clean,2,2,2,2,0,0,6,6,0,0,7,0,0,0,Co,1,O=C(O)c1cc(C(=O)O)cc(-c2c3ccc(n3)c(-c3ccccc3)c3ccc([nH]3)c(-c3cc(C(=O)O)cc(C(=O)O)c3)c3ccc(n3)c(-c3ccccc3)c3ccc2[nH]3)c1,O=C(O)c1cc(C(=O)O)cc(-c2c3ccc(n3)c(-c3ccccc3)c3ccc([nH]3)c(-c3cc(C(=O)O)cc(C(=O)O)c3)c3ccc(n3)c(-c3ccccc3)c3ccc2[nH]3)c1,85,48,2,962,702,6228,0000
BAZFUF_clean,2,2,2,1,0,0,6,6,0,0,10,0,0,0,Cu,1,O=C(O)c1ccc(-c2cc(-c3ccc(C(=O)O)cc3)cc(-c3ccc(C(=O)O)cc3)c2)cc1,O=C(O)c1ccc(-c2cc(-c3ccc(C(=O)O)cc3)cc(-c3ccc(C(=O)O)cc3)c2)cc1,85,48,2,1049,6228,13387,0000
BAZGAM_clean,2,2,2,1,0,0,6,6,0,0,10,0,0,0,Cu,1,O=C(O)c1ccc(-c2ccc(-c3cc(-c4ccc(-c5ccc(C(=O)O)cc5)cc4)cc(-c4ccc(-c5ccc(C(=O)O)cc5)cc4)c3)cc2)cc1,O=C(O)c1ccc(-c2ccc(-c3cc(-c4ccc(-c5ccc(C(=O)O)cc5)cc4)cc(-c4ccc(-c5ccc(C(=O)O)cc5)cc4)c3)cc2)cc1,85,48,2,1049,6228,13387,0000
BAZGEQ_clean,2,2,2,1,0,0,6,6,0,0,10,0,0,0,Cu,1,O=C(O)c1ccc(-c2ccc(-c3nc(-c4ccc(-c5ccc(C(=O)O)cc5)cc4)nc(-c4ccc(-c5ccc(C(=O)O)cc5)cc4)n3)cc2)cc1,O=C(O)c1ccc(-c2ccc(-c3nc(-c4ccc(-c5ccc(C(=O)O)cc5)cc4)nc(-c4ccc(-c5ccc(C(=O)O)cc5)cc4)n3)cc2)cc1,85,48,2,6228,13387,0000,0000
CEJBEA_clean,2,2,2,2,2,2,6,6,6,6,10,10,0,10,Dy,1,O=C(O)c1cccc(C(=O)O)c1,O=C(O)c1cccc(C(=O)O)c1,85,48,3,962,6228,702,0000
FAGQAI_clean,2,2,2,1,0,0,6,6,0,0,10,0,0,0,Cu,1,O=C(O)c1ccc(C#Cc2cc(C#Cc3ccc(C(=O)O)cc3)cc(C#Cc3ccc(C(=O)O)cc3)c2)cc1,O=C(O)c1ccc(C#Cc2cc(C#Cc3ccc(C(=O)O)cc3)cc(C#Cc3ccc(C(=O)O)cc3)c2)cc1,85,48,2,6228,0000,0000,0000
KUHNEI_clean,2,2,2,2,0,0,6,6,0,0,7,0,0,0,Co,1,O=C(O)c1cc(C(=O)O)c(C(=O)O)cc1C(=O)O,O=C(O)c1cc(C(=O)O)c(C(=O)O)cc1C(=O)O,85,48,2,962,0000,0000,0000
WISVEB_clean,2,2,2,2,2,0,6,6,6,0,10,10,0,0,Cd,1,O=C(O)c1cc(N=Nc2cc(C(=O)O)cc(C(=O)O)c2)cc(C(=O)O)c1,O=C(O)c1cc(N=Nc2cc(C(=O)O)cc(C(=O)O)c2)cc(C(=O)O)c1,85,48,2,962,31374,0000,944
AROFET_clean,2,2,2,2,2,0,6,6,6,0,10,10,0,0,Cd,1,O=C(O)c1ccc(OCC(COc2ccc(C(=O)O)cc2)(COc2ccc(C(=O)O)cc2)COc2ccc(C(=O)O)cc2)cc1,O=C(O)c1ccc(OCC(COc2ccc(C(=O)O)cc2)(COc2ccc(C(=O)O)cc2)COc2ccc(C(=O)O)cc2)cc1,85,72,2,6228,0000,0000,0000
ECOLEP_clean,2,2,2,2,0,0,6,6,0,0,7,0,0,0,Co,1,c1c(-c2nn[nH]n2)cc(-c2nnn[nH]2)cc1-c1nnn[nH]1,c1c(-c2nn[nH]n2)cc(-c2nnn[nH]2)cc1-c1nnn[nH]1,85,72,2,887,31374,0000,0000
FIPKOG01_clean,2,2,2,2,2,0,6,6,6,0,10,10,0,0,Cd,1,O=C(O)c1cc(NC(=O)c2ccc(C(=O)Nc3cc(C(=O)O)cc(C(=O)O)c3)cc2)cc(C(=O)O)c1,O=C(O)c1cc(NC(=O)c2ccc(C(=O)Nc3cc(C(=O)O)cc(C(=O)O)c3)cc2)cc(C(=O)O)c1,85,72,2,962,6228,0000,944
NAJQUN_clean,2,2,2,2,0,0,6,6,0,0,5,0,0,0,Mn,1,O=C(O)c1ccc(-c2cc(C(=O)O)c(C(=O)O)cc2-c2ccc(C(=O)O)cc2)cc1,O=C(O)c1ccc(-c2cc(C(=O)O)c(C(=O)O)cc2-c2ccc(C(=O)O)cc2)cc1,85,72,2,962,6228,0000,0000
NATFAS_clean,2,2,2,2,0,0,6,6,0,0,10,0,0,0,Zn,1,O=C(O)c1cc(C(=O)O)c(C(=O)O)cc1C(=O)O,O=C(O)c1cc(C(=O)O)c(C(=O)O)cc1C(=O)O,85,72,2,962,6228,702,0000
VIXTUT_clean,2,2,2,2,0,0,6,6,0,0,10,0,0,0,Zn,2,c1cc(CCc2ccncc2)ccn1,O=C(O)CCC(=O)O,85,72,2,6228,0000,0000,0000
WIPLOY_clean,2,2,2,2,2,2,6,6,6,6,10,10,0,7,Eu,1,O=C(O)c1cc(C(=O)O)cc(-c2ccc(-c3cc(C(=O)O)cc(C(=O)O)c3)cc2)c1,O=C(O)c1cc(C(=O)O)cc(-c2ccc(-c3cc(C(=O)O)cc(C(=O)O)c3)cc2)c1,85,72,3,962,6228,0000,0000
WOPHIU01_clean,2,2,2,2,0,0,6,6,0,0,10,0,0,0,Zn,2,O=C(O)c1cc(OCc2cccc(COc3cc(C(=O)O)cc(C(=O)O)c3)c2)cc(C(=O)O)c1,Nn1c(-c2ccncc2)nnc1-c1ccncc1,85,72,2,962,6228,0000,0000
WOPHIU_clean,2,2,2,2,0,0,6,6,0,0,10,0,0,0,Zn,1,O=C(O)c1cc(OCc2cccc(COc3cc(C(=O)O)cc(C(=O)O)c3)c2)cc(C(=O)O)c1,O=C(O)c1cc(OCc2cccc(COc3cc(C(=O)O)cc(C(=O)O)c3)c2)cc(C(=O)O)c1,85,72,2,962,6228,0000,0000
YICGOI_clean,2,2,2,2,0,0,6,6,0,0,7,0,0,0,Co,2,c1cc(-c2ccc(N(c3ccc(-c4ccncc4)cc3)c3ccc(-c4ccncc4)cc3)cc2)ccn1,O=C(O)c1ccc(C(=O)O)cc1,85,72,2,962,6228,6342,0000
KIKFIV_clean,2,2,2,2,2,2,6,6,6,6,10,10,0,7,Eu,1,O=C(O)c1ccc(C#Cc2c3ccccc3c(C#Cc3ccc(C(=O)O)cc3)c3ccccc23)cc1,O=C(O)c1ccc(C#Cc2c3ccccc3c(C#Cc3ccc(C(=O)O)cc3)c3ccccc23)cc1,85,96,3,962,0000,0000,944
OYIVEY_clean,2,2,2,1,0,0,6,6,0,0,10,0,0,0,Cu,1,O=C(O)c1ccc(C2NNNN2)cc1,O=C(O)c1ccc(C2NNNN2)cc1,85,96,2,6228,702,0000,0000
MURBEI_clean,2,2,2,2,2,0,6,6,6,1,10,10,0,0,In,1,O=C(O)c1cc(C(=O)O)cc(-c2cc(C(=O)O)cc(C(=O)O)c2)c1,O=C(O)c1cc(C(=O)O)cc(-c2cc(C(=O)O)cc(C(=O)O)c2)c1,85,120,3,12051,0000,0000,944
KUNMUD_clean,2,2,2,2,2,0,6,6,6,0,10,10,0,0,Cd,1,Nn1c(-c2cccc(-c3ccncc3)c2)nnc1-c1cccc(-c2ccncc2)c1,Nn1c(-c2cccc(-c3ccncc3)c2)nnc1-c1cccc(-c2ccncc2)c1,90,20,2,962,887,0000,0000
BINROH_clean,2,2,2,1,0,0,6,6,0,0,10,0,0,0,Cu,1,O=C(O)c1ccc2cc(-c3cc(-c4ccc5cc(C(=O)O)ccc5c4)cc(-c4ccc5cc(C(=O)O)ccc5c4)c3)ccc2c1,O=C(O)c1ccc2cc(-c3cc(-c4ccc5cc(C(=O)O)ccc5c4)cc(-c4ccc5cc(C(=O)O)ccc5c4)c3)ccc2c1,90,24,2,962,12051,6228,313
DINNIZ_clean,2,2,2,2,0,0,6,6,0,0,5,0,0,0,Mn,1,O=C(O)CCCCC(=O)O,O=C(O)CCCCC(=O)O,90,24,2,6228,702,0000,0000
FECYIX_clean,2,2,2,2,0,0,6,6,0,0,7,0,0,0,Co,1,O=C(O)C1CSC(C(=O)O)N1,O=C(O)C1CSC(C(=O)O)N1,90,24,2,962,0000,0000,0000
FIGQUJ_clean,2,2,2,1,0,0,6,6,0,0,10,0,0,0,Cu,2,O=C(O)CCCC(=O)O,O=C(Nc1cccnc1)c1ccncc1,90,24,2,962,0000,0000,0000
IZEFEZ_charged,2,2,2,2,2,0,6,6,6,0,10,10,0,0,Cd,1,O=C(O)c1cccc(NNc2cc3c(O)c(c2)Cc2cc(NNc4cccc(C(=O)O)c4)cc(c2O)Cc2cc(NNc4cccc(C(=O)O)c4)cc(c2O)Cc2cc(NNc4cccc(C(=O)O)c4)cc(c2O)C3)c1,O=C(O)c1cccc(NNc2cc3c(O)c(c2)Cc2cc(NNc4cccc(C(=O)O)c4)cc(c2O)Cc2cc(NNc4cccc(C(=O)O)c4)cc(c2O)Cc2cc(NNc4cccc(C(=O)O)c4)cc(c2O)C3)c1,90,24,2,6228,702,0000,0000
PUWDOA_clean,2,2,2,2,0,0,6,6,0,0,10,0,0,0,Zn,1,O=C(O)c1ccc(-c2cc(-c3ccc(C(=O)O)cc3)cc(-c3ccc(C(=O)O)cc3)c2)cc1,O=C(O)c1ccc(-c2cc(-c3ccc(C(=O)O)cc3)cc(-c3ccc(C(=O)O)cc3)c2)cc1,90,24,2,962,6228,702,0000
UWUTIQ_clean,2,2,2,2,0,0,6,6,0,0,10,0,0,0,Zn,2,O=C(O)c1ccc(-c2ccncc2)cc1,O=C(O)c1ccc(C(=O)O)cc1,90,24,2,6228,0000,0000,0000
OMUSAS_clean,2,2,2,2,0,0,6,6,0,0,10,0,0,0,Zn,1,CCC1(CC)c2cc(-c3ccc(C(=O)O)cc3)ccc2-c2c1c1c(c3c2C(CC)(CC)c2cc(-c4ccc(C(=O)O)cc4)ccc2-3)C(CC)(CC)c2cc(-c3ccc(C(=O)O)cc3)ccc2-1,CCC1(CC)c2cc(-c3ccc(C(=O)O)cc3)ccc2-c2c1c1c(c3c2C(CC)(CC)c2cc(-c4ccc(C(=O)O)cc4)ccc2-3)C(CC)(CC)c2cc(-c3ccc(C(=O)O)cc3)ccc2-1,90,48,2,6228,887,0000,0000
ROTQIC_clean,2,2,2,2,0,0,6,6,0,0,10,0,0,0,Zn,1,CC(C(=O)O)n1c(=O)c2cc3c(=O)n(C(C)C(=O)O)c(=O)c3cc2c1=O,CC(C(=O)O)n1c(=O)c2cc3c(=O)n(C(C)C(=O)O)c(=O)c3cc2c1=O,90,48,2,6228,702,0000,0000
TAPHOJ_clean,2,2,2,2,0,0,6,6,0,0,10,0,0,0,Zn,2,c1cc(CN2CCN(Cc3ccncc3)CC2)ccn1,O=C(O)c1cc(C(=O)O)cc(S(=O)(=O)O)c1,90,48,2,962,0000,0000,14798
XOTSEG_clean,2,2,2,2,0,0,6,6,0,0,5,0,0,0,Mn,1,Cc1c(C#Cc2ccc(C(=O)O)cc2)c(C)c(C#Cc2ccc(C(=O)O)cc2)c(C)c1C#Cc1ccc(C(=O)O)cc1,Cc1c(C#Cc2ccc(C(=O)O)cc2)c(C)c(C#Cc2ccc(C(=O)O)cc2)c(C)c1C#Cc1ccc(C(=O)O)cc1,90,48,2,6228,0000,0000,0000
QOJKAB_clean,2,2,2,2,0,0,6,6,0,0,10,0,0,0,Zn,1,O=C(O)O,O=C(O)O,90,68,2,962,0000,0000,0000
AVESOL_clean,2,2,2,2,0,0,6,6,0,0,10,0,0,0,Zn,1,O=C(O)c1cc(C(=O)O)cc(-c2cc(C(=O)O)cc(-c3cc(C(=O)O)cc(C(=O)O)c3)c2)c1,O=C(O)c1cc(C(=O)O)cc(-c2cc(C(=O)O)cc(-c3cc(C(=O)O)cc(C(=O)O)c3)c2)c1,90,72,2,962,6228,0000,313
BUCWAZ_clean,2,2,2,2,2,0,6,6,6,0,10,10,0,0,Cd,1,O=C(O)c1cc(COc2cc(C(=O)O)cc(C(=O)O)c2)cc(COc2cc(C(=O)O)cc(C(=O)O)c2)c1,O=C(O)c1cc(COc2cc(C(=O)O)cc(C(=O)O)c2)cc(COc2cc(C(=O)O)cc(C(=O)O)c2)c1,90,72,2,962,31374,0000,0000
GALCAZ_clean,2,2,2,2,0,0,6,6,0,0,10,0,0,0,Zn,1,O=C(O)c1ccc(-c2ccncc2)nc1,O=C(O)c1ccc(-c2ccncc2)nc1,90,72,2,6228,702,0000,8471
LASWIN_clean,2,2,2,2,0,0,6,6,0,0,7,0,0,0,Co,1,c1cc(-c2ccncc2)ccn1,c1cc(-c2ccncc2)ccn1,90,72,2,6228,0000,0000,0000
OKIPOO_clean,2,2,2,2,0,0,6,6,0,0,7,0,0,0,Co,2,C1=CN(c2ccc(Oc3ccc(-n4ccnc4)cc3)cc2)CN1,O=C(O)c1ccc(C(=O)O)cc1,90,72,2,962,6228,0000,0000
OKIPUU_clean,2,2,2,2,2,0,6,6,6,0,10,10,0,0,Cd,2,c1cn(-c2ccc(Oc3ccc(-n4ccnc4)cc3)cc2)cn1,O=C(O)c1ccc(C(=O)O)cc1,90,72,2,962,6228,0000,0000
REYPES_clean,2,2,2,2,0,0,6,6,0,0,10,0,0,0,Zn,2,c1cc(NNc2ccncc2)ccn1,O=C(O)c1nn[nH]c1C(=O)O,90,72,2,962,0000,0000,0000
VAXVEX_charged,2,2,2,2,2,0,6,6,6,0,10,10,0,0,Cd,1,c1cc(-n2cnnc2)ccc1CCc1ccc(-n2cnnc2)cc1,c1cc(-n2cnnc2)ccc1CCc1ccc(-n2cnnc2)cc1,90,72,2,962,887,0000,0000
IKUTIT_clean,2,2,2,2,2,2,6,6,6,6,10,10,0,10,Dy,1,Nc1cc(C(=O)O)c(N)cc1C(=O)O,Nc1cc(C(=O)O)c(N)cc1C(=O)O,95,24,3,6228,0000,0000,0000
IKUTOZ_clean,2,2,2,2,2,2,6,6,6,6,10,10,0,10,Dy,2,O=C(O)c1c2ccccc2c(C(=O)O)c2ccccc12,Nc1cc(C(=O)O)c(N)cc1C(=O)O,95,24,3,6228,0000,0000,0000
IKUTUF_clean,2,2,2,2,2,2,6,6,6,6,10,10,0,10,Dy,1,N#Cc1cc(C(=O)O)cc(C(=O)O)c1,N#Cc1cc(C(=O)O)cc(C(=O)O)c1,95,24,3,6228,0000,0000,0000
YOZQAG_charged,2,2,2,2,0,0,6,6,0,0,10,0,0,0,Zn,1,O=C(O)c1ccc2c(c1)S(=O)(=O)c1cc(C(=O)O)ccc1-2,O=C(O)c1ccc2c(c1)S(=O)(=O)c1cc(C(=O)O)ccc1-2,95,24,2,962,6228,0000,0000
YOZQEK_clean,2,2,2,2,0,0,6,6,0,0,10,0,0,0,Zn,1,O=C(O)c1ccc2c(c1)S(=O)(=O)c1cc(C(=O)O)ccc1-2,O=C(O)c1ccc2c(c1)S(=O)(=O)c1cc(C(=O)O)ccc1-2,95,24,2,6228,0000,0000,0000
ACAKUM_clean,2,2,2,2,2,2,6 ,6,6,6,10,10,1,0,La,1,O=C(O)c1cc(C(=O)O)cc(-c2cn(-c3cc(C(=O)O)cc(C(=O)O)c3)nn2)c1,O=C(O)c1cc(C(=O)O)cc(-c2cn(-c3cc(C(=O)O)cc(C(=O)O)c3)nn2)c1,95,72,3,962,0000,0000,0000
AJAMEF_clean,2,2,2,2,0,0,6,6,0,0,7,0,0,0,Co,2,c1cc(-c2cncc(-c3ccncc3)c2)ccn1,O=C(O)C1CCC(C(=O)O)CC1,95,72,2,962,6342,31374,0000
HEDTER_clean,2,2,2,2,0,0,6,6,0,0,8,0,0,0,Ni,2,c1cc(-c2ccc(N(c3ccc(-c4ccncc4)cc3)c3ccc(-c4ccncc4)cc3)cc2)ccn1,O=C(O)C1CCC(C(=O)O)CC1,95,72,2,962,6228,6342,0000
MICDEJ_clean,2,2,2,2,0,0,6,6,0,0,5,0,0,0,Mn,1,O=C(O)c1ccc(Oc2cc(Oc3ccc(C(=O)O)cc3)cc(C(=O)O)c2)cc1,O=C(O)c1ccc(Oc2cc(Oc3ccc(C(=O)O)cc3)cc(C(=O)O)c2)cc1,95,72,2,962,6228,0000,0000
SARNOQ_clean,2,2,2,2,0,0,6,6,0,0,10,0,0,0,Zn,1,n1n[nH]c(-c2n[nH]nc2-c2nnn[nH]2)n1,n1n[nH]c(-c2n[nH]nc2-c2nnn[nH]2)n1,95,72,2,31374,0000,0000,0000
ZOFZUR_clean,2,2,2,2,0,0,6,6,0,0,5,0,0,0,Mn,1,O=C(O)c1ccc(CN(Cc2ccc(C(=O)O)cc2)c2cc(C(=O)O)cc(C(=O)O)c2)cc1,O=C(O)c1ccc(CN(Cc2ccc(C(=O)O)cc2)c2cc(C(=O)O)cc(C(=O)O)c2)cc1,95,72,2,6228,0000,0000,944
BOWZUK_clean,2,2,2,2,0,0,6,6,0,0,10,0,0,0,Zn,1,c1cn(-c2ccc(N(c3ccc(-n4ccnc4)cc3)c3ccc(-n4ccnc4)cc3)cc2)cn1,c1cn(-c2ccc(N(c3ccc(-n4ccnc4)cc3)c3ccc(-n4ccnc4)cc3)cc2)cn1,100,12,2,962,6228,887,0000
ANUGIA_clean,2,2,2,1,0,0,6,6,0,0,10,0,0,0,Cu,1,O=C(O)c1ccc(-c2cc(-c3ccc(C(=O)O)cc3)cc(-c3cc(C(=O)O)cc(C(=O)O)c3)c2)cc1,O=C(O)c1ccc(-c2cc(-c3ccc(C(=O)O)cc3)cc(-c3cc(C(=O)O)cc(C(=O)O)c3)c2)cc1,100,18,2,962,31275,6228,313
ANUGOG_clean,2,2,2,1,0,0,6,6,0,0,10,0,0,0,Cu,1,O=C(O)c1ccc(-c2cc(-c3ccc(C(=O)O)cc3)cc(-c3cc(C(=O)O)cc(C(=O)O)c3)c2)cc1,O=C(O)c1ccc(-c2cc(-c3ccc(C(=O)O)cc3)cc(-c3cc(C(=O)O)cc(C(=O)O)c3)c2)cc1,100,18,2,962,31275,13387,0000
LENKIA_clean,2,2,2,1,0,0,6,6,0,0,10,0,0,0,Cu,1,O=C(O)c1cc(O)c(C(=O)O)cc1O,O=C(O)c1cc(O)c(C(=O)O)cc1O,100,18,2,962,6228,0000,0000
VALVAI_clean,2,2,2,2,2,0,6,6,6,0,10,1,0,0,Y,1,O=C(O)c1ccc(C(=O)O)cc1,O=C(O)c1ccc(C(=O)O)cc1,100,20,3,962,6228,0000,0000
DUPJAB_clean,2,2,2,2,2,0,6,6,6,0,10,10,0,0,Cd,2,c1nnc[nH]1,O=C(O)c1ccc(C(=O)O)cc1,100,24,2,962,6228,0000,0000
EXOTUH_SL,2,2,2,2,2,0,6,6,6,0,10,10,0,0,Cd,2,O=C(O)c1cccc(C(=O)O)c1-c1c(C(=O)O)cccc1C(=O)O,c1cc(-c2nc(-c3ccncc3)nc(-c3ccncc3)n2)ccn1,100,24,2,6228,0000,0000,0000
TILHAZ_clean,2,2,2,2,0,0,6,6,0,0,7,0,0,0,Co,1,O=C(O)CCCCC(=O)O,O=C(O)CCCCC(=O)O,100,24,2,6228,702,0000,0000
YODRAM_clean,2,2,2,2,0,0,6,6,0,0,7,0,0,0,Co,1,O=C(O)c1ccncc1,O=C(O)c1ccncc1,100,24,2,6228,702,0000,0000
GOBSUM_clean,2,2,2,2,0,0,6,6,0,0,7,0,0,0,Co,2,O=C(O)c1ccc(C(=O)O)cc1,C1CN2CCN1CC2,100,36,2,6228,6342,0000,0000
AJAKON_clean,2,2,2,2,2,0,6,6,6,0,10,10,0,0,Cd,1,O=C(O)c1ccc(N(c2ccc(C(=O)O)cc2)c2ccc(C(=O)O)cc2)cc1,O=C(O)c1ccc(N(c2ccc(C(=O)O)cc2)c2ccc(C(=O)O)cc2)cc1,100,40,2,962,702,31374,28118
DAMZEZ_clean,2,2,2,2,2,0,6,6,6,0,10,10,0,0,Cd,2,CCc1nccn1Cc1ccc(Cn2ccnc2CC)cc1,O=C(O)c1cc(NNc2cc(C(=O)O)cc(C(=O)O)c2)cc(C(=O)O)c1,100,48,2,6228,0000,0000,944
EXEMUR_clean,2,2,2,2,2,0,6,6,6,0,10,10,0,0,Cd,1,O=C(O)c1ccc(N2C=CC(=C3C=CN(c4ccc(C(=O)O)cc4)C=C3)C=C2)cc1,O=C(O)c1ccc(N2C=CC(=C3C=CN(c4ccc(C(=O)O)cc4)C=C3)C=C2)cc1,100,48,2,962,31275,6228,0000
GETXAG_clean,2,2,2,2,0,0,6,6,0,0,7,0,0,0,Co,1,Nc1ccc(-c2nnn[nH]2)cc1,Nc1ccc(-c2nnn[nH]2)cc1,100,48,2,962,0000,0000,14798
LAZJIH_clean,2,2,2,2,0,0,6,6,0,0,10,0,0,0,Zn,1,O=C(O)c1cc(C(=O)O)c(C(=O)O)cc1C(=O)O,O=C(O)c1cc(C(=O)O)c(C(=O)O)cc1C(=O)O,100,48,2,962,6228,0000,0000
PASNAA01_clean,2,2,2,2,0,0,6,6,0,0,7,0,0,0,Co,1,O=C(O)C1C(C(=O)O)C(C(=O)O)C(C(=O)O)C(C(=O)O)C1C(=O)O,O=C(O)C1C(C(=O)O)C(C(=O)O)C(C(=O)O)C(C(=O)O)C1C(=O)O,100,48,2,962,0000,0000,14798
QUFKIN_clean,2,2,2,2,0,0,6,6,0,0,7,0,0,0,Co,2,Nc1ncnc2[nH]cnc12,O=C(O)c1cc(C(=O)O)c(C(=O)O)cc1C(=O)O,100,48,2,962,0000,0000,0000
SODQOT_clean,2,2,2,1,0,0,6,6,0,0,10,0,0,0,Cu,1,O=C(O)c1cc(C(=O)O)cc(C(=O)O)c1,O=C(O)c1cc(C(=O)O)cc(C(=O)O)c1,100,48,2,31374,0000,0000,944
UWOWAF_clean,2,2,2,2,0,0,6,6,0,0,5,0,0,0,Mn,1,O=C(O)c1ccc(-c2ccc(C(=O)O)s2)s1,O=C(O)c1ccc(-c2ccc(C(=O)O)s2)s1,100,48,2,702,6228,0000,0000
VOLPET_clean,2,2,2,2,0,0,6,6,0,0,10,0,0,0,Zn,1,O=C(O)c1ccc(C(=O)O)s1,O=C(O)c1ccc(C(=O)O)s1,100,48,2,6228,6342,0000,0000
XOPLUL_clean,2,2,2,2,2,0,6,6,6,0,10,10,0,0,Cd,1,O=C(O)c1ccc(C(=O)O)o1,O=C(O)c1ccc(C(=O)O)o1,100,48,2,962,6228,0000,0000
HIFGIO_SL,2,2,2,2,0,0,6,6,0,0,10,0,0,0,Zn,1,Cc1cc(-c2ccc(C(=O)O)cc2)c(C)cc1-c1ccc(C(=O)O)cc1,Cc1cc(-c2ccc(C(=O)O)cc2)c(C)cc1-c1ccc(C(=O)O)cc1,100,60,2,6228,702,0000,14798
HUTTIA_clean,2,2,2,2,0,0,6,6,0,0,10,0,0,0,Zn,2,c1cc(CNNCc2ccncc2)ccn1,O=C(O)c1ccc(C(c2ccc(C(=O)O)cc2)(C(F)(F)F)C(F)(F)F)cc1,100,60,2,6228,0000,0000,0000
AVESUR_clean,2,2,2,2,2,0,6,6,6,0,10,10,0,0,Cd,1,O=C(O)c1cc(C(=O)O)cc(-c2cc(C(=O)O)cc(-c3cc(C(=O)O)cc(C(=O)O)c3)c2)c1,O=C(O)c1cc(C(=O)O)cc(-c2cc(C(=O)O)cc(-c3cc(C(=O)O)cc(C(=O)O)c3)c2)c1,100,72,2,962,6228,0000,313
BAFCAP_clean,2,2,2,2,0,0,6,6,0,0,10,0,0,0,Zn,1,CCC1c2cc(c(OCC(=O)O)cc2OC)C(CC)c2cc(c(OCC(=O)O)cc2OC)C(CC)c2cc(c(OCC(=O)O)cc2OC)C(C)c2cc1c(OCC(=O)O)cc2OC,CCC1c2cc(c(OCC(=O)O)cc2OC)C(CC)c2cc(c(OCC(=O)O)cc2OC)C(CC)c2cc(c(OCC(=O)O)cc2OC)C(C)c2cc1c(OCC(=O)O)cc2OC,100,72,2,962,6228,0000,0000
CUKXAJ_clean,2,2,2,2,2,0,6,6,6,0,10,10,0,0,Cd,1,O=C(O)c1cc(C(=O)O)c(C(=O)O)cc1C(=O)O,O=C(O)c1cc(C(=O)O)c(C(=O)O)cc1C(=O)O,100,72,2,962,6228,0000,313
CUKXIR_clean,2,2,2,2,0,0,6,6,0,0,5,0,0,0,Mn,1,O=C(O)c1cc(C(=O)O)c(C(=O)O)cc1C(=O)O,O=C(O)c1cc(C(=O)O)c(C(=O)O)cc1C(=O)O,100,72,2,962,6228,0000,313
GAJVEU_charged,2,2,2,2,0,0,6,6,0,0,10,0,0,0,Zn,1,O=C(O)c1ccc(C(=O)O)cc1,O=C(O)c1ccc(C(=O)O)cc1,100,72,2,6228,0000,0000,8471
GAJVIY_charged,2,2,2,2,0,0,6,6,0,0,10,0,0,0,Zn,1,O=C(O)c1ccc(-c2ccc(C(=O)O)cc2)cc1,O=C(O)c1ccc(-c2ccc(C(=O)O)cc2)cc1,100,72,2,6228,0000,0000,0000
LAHTUM_clean,2,2,2,2,2,0,6,6,6,0,10,10,0,0,Cd,2,c1cc(-c2ccncc2)ccn1,O=C(O)c1ccc(-c2cc(-c3ccc(C(=O)O)cc3)c(C(=O)O)cc2C(=O)O)cc1,100,72,2,6228,702,0000,0000
LAHVAU_clean,2,2,2,2,2,0,6,6,6,0,10,10,0,0,Cd,2,O=C(O)c1ccc(-c2cc(-c3ccc(C(=O)O)cc3)c(C(=O)O)cc2C(=O)O)cc1,Nc1cnccc1-c1ccncc1N,100,72,2,6228,702,0000,0000
LOXBEH_clean,2,2,2,2,2,0,6,6,6,0,10,10,0,0,Cd,2,c1cn(-c2cc(-n3ccnc3)cc(-n3ccnc3)c2)cn1,O=C(O)c1cc(C(=O)O)cc(C(=O)N2CCCC2C(=O)O)c1,100,72,2,962,6228,0000,0000
NAYZUK_SL,2,2,2,2,2,0,6,6,6,1,10,10,0,0,In,1,O=C(O)c1ccc(C(=O)O)c2ccccc12,O=C(O)c1ccc(C(=O)O)c2ccccc12,100,72,3,962,6342,0000,14798
OHIHET_clean,2,2,2,2,0,0,6,6,0,0,10,0,0,0,Zn,1,c1cn(-c2ccc(-c3cc[nH]c3)cc2)cn1,c1cn(-c2ccc(-c3cc[nH]c3)cc2)cn1,100,72,2,962,0000,0000,14798
OQUCOU_clean,2,2,2,2,2,0,6,6,6,0,10,10,0,0,Cd,1,CC(Oc1cc(C(=O)O)cc(C(=O)O)c1)C(=O)O,CC(Oc1cc(C(=O)O)cc(C(=O)O)c1)C(=O)O,100,72,2,962,0000,0000,0000
QAGQEW_clean,2,2,2,2,2,0,6,6,6,0,10,10,0,0,Cd,1,O=C(O)c1cc2c(s1)c1cc(C(=O)O)sc1c1cc(C(=O)O)sc21,O=C(O)c1cc2c(s1)c1cc(C(=O)O)sc1c1cc(C(=O)O)sc21,100,72,2,31374,0000,0000,28118
QIVZEC_clean,2,2,2,2,0,0,6,6,0,0,10,0,0,0,Zn,2,CC(=NN=C(C)c1ccncc1)c1ccncc1,O=C(O)C=CC=CC(=O)O,100,72,2,962,0000,0000,14798
XICDUI_charged,2,2,2,1,0,0,6,6,0,0,10,0,0,0,Cu,1,N#Cc1ccc(C(c2ccc(C#N)cc2)n2cncn2)cc1,N#Cc1ccc(C(c2ccc(C#N)cc2)n2cncn2)cc1,100,72,1,241,6212,0000,0000
VOXQOQ_clean,2,2,2,2,0,0,6,6,0,0,10,0,0,0,Zn,2,Cc1nnn[nH]1,O=C(O)c1ccc2cc(C(=O)O)ccc2c1,100,80,2,6228,702,0000,0000
CABDER_clean,2,2,2,2,2,0,6,6,6,0,10,10,0,0,Cd,2,O=C(NCc1ccncc1)c1ccncc1,CC(C)(CC(=O)O)C(=O)O,100,96,2,962,0000,0000,14798
TAGTIH_clean,2,2,2,0,0,0,6,0,0,0,0,0,0,0,Mg,1,O=C(O)c1ccc(C(=O)O)o1,O=C(O)c1ccc(C(=O)O)o1,100,120,2,31374,0000,0000,0000
XASNUD_clean,2,2,2,2,0,0,6,6,0,0,10,0,0,0,Zn,1,O=C(O)c1cc(C(=O)O)cc(C(=O)O)c1,O=C(O)c1cc(C(=O)O)cc(C(=O)O)c1,100,120,2,31374,0000,0000,28118
XASPEP_clean,2,2,2,2,0,0,6,6,0,0,10,0,0,0,Zn,1,O=C(O)c1cc(C(=O)O)cc(C(=O)O)c1,O=C(O)c1cc(C(=O)O)cc(C(=O)O)c1,100,120,2,6228,0000,0000,28118
IBUBIT_clean,2,2,2,2,0,0,6,6,0,0,10,0,0,0,Zn,2,c1nc[nH]n1,O=C(O)c1ccc(C(=O)O)cc1,100,144,2,962,6228,0000,0000
SAMVEK_clean,2,2,2,2,0,0,6,6,0,0,5,0,0,0,Mn,1,CC(=O)O,CC(=O)O,100,144,2,31374,887,0000,176
ZEZPAX01_clean,2,2,2,2,2,2,6,6,6,6,10,10,0,10,Dy,1,O=C(O)c1ccnc(-c2cc(C(=O)O)ccn2)c1,O=C(O)c1ccnc(-c2cc(C(=O)O)ccn2)c1,100,144,3,6228,0000,0000,0000
BINSAU_clean,2,2,2,2,0,0,6,6,0,0,5,0,0,0,Mn,1,O=C(O)c1ccc2cc(-c3cc(-c4ccc5cc(C(=O)O)ccc5c4)cc(-c4ccc5cc(C(=O)O)ccc5c4)c3)ccc2c1,O=C(O)c1ccc2cc(-c3cc(-c4ccc5cc(C(=O)O)ccc5c4)cc(-c4ccc5cc(C(=O)O)ccc5c4)c3)ccc2c1,100,168,2,6228,0000,0000,0000
ORUKET_clean,2,2,2,0,0,0,6,0,0,0,0,0,0,0,Mg,1,O=C(O)c1ccc(O[PH]2(Oc3ccc(C(=O)O)cc3)N[PH](Oc3ccc(C(=O)O)cc3)(Oc3ccc(C(=O)O)cc3)N[PH](Oc3ccc(C(=O)O)cc3)(Oc3ccc(C(=O)O)cc3)N2)cc1,O=C(O)c1ccc(O[PH]2(Oc3ccc(C(=O)O)cc3)N[PH](Oc3ccc(C(=O)O)cc3)(Oc3ccc(C(=O)O)cc3)N[PH](Oc3ccc(C(=O)O)cc3)(Oc3ccc(C(=O)O)cc3)N2)cc1,100,192,2,962,702,31374,313
VEHROR_charged,2,2,2,2,2,2,6 ,6,6,6,10,10,1,0,La,1,O=C(O)c1cccc(C(=O)O)n1,O=C(O)c1cccc(C(=O)O)n1,102,48,3,962,0000,0000,944
VEGMIE01_charged,2,2,2,2,0,0,6,6,0,0,7,0,0,0,Co,1,O=C(O)c1ccc(C(=O)O)cc1,O=C(O)c1ccc(C(=O)O)cc1,102,72,2,12051,0000,0000,0000
MUNDEG_clean,2,2,2,1,0,0,6,6,0,0,10,0,0,0,Cu,1,O=C(O)c1ccc(-c2cncc(C(=O)O)c2)cc1,O=C(O)c1ccc(-c2cncc(C(=O)O)c2)cc1,105,12,1,31275,6228,0000,944
ADASUV_clean,2,2,2,2,0,0,6,6,0,0,7,0,0,0,Co,1,O=C(O)c1cc(OCc2cc(COc3cc(C(=O)O)cc(C(=O)O)c3)cc(COc3cc(C(=O)O)cc(C(=O)O)c3)c2)cc(C(=O)O)c1,O=C(O)c1cc(OCc2cc(COc3cc(C(=O)O)cc(C(=O)O)c3)cc(COc3cc(C(=O)O)cc(C(=O)O)c3)c2)cc(C(=O)O)c1,105,23,2,6228,13387,0000,0000
CUTBIE_clean,2,2,2,2,2,2,6 ,6,6,6,10,10,1,0,La,1,O=C(O)c1ccc(-c2cn(-c3cc(C(=O)O)cc(C(=O)O)c3)nn2)cc1,O=C(O)c1ccc(-c2cn(-c3cc(C(=O)O)cc(C(=O)O)c3)nn2)cc1,105,24,3,6228,0000,0000,944
EXOFIH_clean,2,2,2,2,2,0,6,6,6,1,10,10,0,0,In,1,O=C(O)c1cc(C(=O)O)c(C(=O)O)cc1C(=O)O,O=C(O)c1cc(C(=O)O)c(C(=O)O)cc1C(=O)O,105,36,3,702,31374,0000,944
YIJYUN_clean,2,2,2,2,0,0,6,6,0,0,10,0,0,0,Zn,2,O=C(O)C1CC(C(=O)O)C(C(=O)O)C1C(=O)O,C(=Cc1ccncc1)c1ccncc1,105,60,2,962,0000,0000,0000
ALIXOJ_clean,2,2,2,2,0,0,6,6,0,0,8,0,0,0,Ni,1,O=C(O)c1cc(Cc2cc(C(=O)O)cc(C(=O)O)c2)cc(C(=O)O)c1,O=C(O)c1cc(Cc2cc(C(=O)O)cc(C(=O)O)c2)cc(C(=O)O)c1,105,72,2,962,6228,0000,0000
LAZHUR_clean,2,2,2,2,0,0,6,6,0,0,7,0,0,0,Co,2,c1cc(OCC(COc2ccncc2)(COc2ccncc2)COc2ccncc2)ccn1,O=C(O)c1cccc(C(=O)O)c1,105,72,2,962,6228,0000,0000
NUCPEI_clean,2,2,2,2,0,0,6,6,0,0,10,0,0,0,Zn,1,O=C(O)c1cc(C(=O)O)cc(-c2ccc(C(=O)O)c(-c3cc(C(=O)O)cc(C(=O)O)c3)c2)c1,O=C(O)c1cc(C(=O)O)cc(-c2ccc(C(=O)O)c(-c3cc(C(=O)O)cc(C(=O)O)c3)c2)c1,105,72,2,962,6228,0000,0000
UWALEL_clean,2,2,2,1,0,0,6,6,0,0,10,0,0,0,Cu,1,O=C(O)c1cc(C(=O)O)cc(-c2cccc(-c3cc(C(=O)O)cc(C(=O)O)c3)n2)c1,O=C(O)c1cc(C(=O)O)cc(-c2cccc(-c3cc(C(=O)O)cc(C(=O)O)c3)n2)c1,105,72,2,6228,0000,0000,944
XORHET_clean,2,2,2,2,0,0,6,6,0,0,7,0,0,0,Co,2,c1cnc(-c2n[nH]c(-c3nnc[nH]3)n2)cn1,c1cnc(-c2nnc(-c3nc[nH]n3)[nH]2)cn1,105,72,2,962,0000,0000,0000
CORZIU_clean,2,2,2,2,2,0,6,6,6,1,10,10,0,0,In,1,O=C(O)c1ccc(-c2ccc(C(=O)O)cn2)nc1,O=C(O)c1ccc(-c2ccc(C(=O)O)cn2)nc1,105,96,1,6228,12051,0000,284
GIQZIQ_clean,2,2,2,0,0,0,6,0,0,0,0,0,0,0,Mg,1,O=C(O)c1ccc2cc(C(=O)O)ccc2c1,O=C(O)c1ccc2cc(C(=O)O)ccc2c1,110,24,2,6228,887,0000,0000
LEVNOQ_clean,2,2,2,0,0,0,6,0,0,0,0,0,0,0,Mg,1,O=C(O)c1ccc2cc(C(=O)O)ccc2c1,O=C(O)c1ccc2cc(C(=O)O)ccc2c1,110,24,2,6228,0000,0000,0000
KUHNIM_clean,2,2,2,2,0,0,6,6,0,0,10,0,0,0,Zn,1,O=C(O)c1cc(C(=O)O)c(C(=O)O)cc1C(=O)O,O=C(O)c1cc(C(=O)O)c(C(=O)O)cc1C(=O)O,110,48,2,962,0000,0000,0000
UYOFIY_clean,2,2,2,2,2,2,6,6,6,6,10,10,0,9,Tb,2,O=C(O)c1nc[nH]c1C(=O)O,CNCC(=O)O,110,48,3,962,702,0000,8471
ZOFZIF_clean,2,2,2,2,0,0,6,6,0,0,5,0,0,0,Mn,1,O=C(O)c1cc(C(=O)O)cc(-c2cn(-c3cc(C(=O)O)cc(C(=O)O)c3)nn2)c1,O=C(O)c1cc(C(=O)O)cc(-c2cn(-c3cc(C(=O)O)cc(C(=O)O)c3)nn2)c1,110,48,2,6228,0000,0000,176
ZOFZOL_clean,2,2,2,2,0,0,6,6,0,0,7,0,0,0,Co,1,O=C(O)c1cc(C(=O)O)cc(-c2cn(-c3cc(C(=O)O)cc(C(=O)O)c3)nn2)c1,O=C(O)c1cc(C(=O)O)cc(-c2cn(-c3cc(C(=O)O)cc(C(=O)O)c3)nn2)c1,110,48,2,12051,0000,0000,176
EREGOY_clean,2,2,2,2,2,0,6,6,6,0,10,10,0,0,Cd,1,O=C(O)c1ccc(OCC(COc2ccc(C(=O)O)cc2)(COc2ccc(C(=O)O)cc2)COc2ccc(C(=O)O)cc2)cc1,O=C(O)c1ccc(OCC(COc2ccc(C(=O)O)cc2)(COc2ccc(C(=O)O)cc2)COc2ccc(C(=O)O)cc2)cc1,110,72,2,31374,0000,0000,0000
ETEMIB_clean,2,2,2,2,0,0,6,6,0,0,7,0,0,0,Co,2,O=C(O)c1cc(C(=O)O)cc(C(=O)O)c1,c1cc(Cn2cnnc2)ccc1Cn1cnnc1,110,72,2,962,6228,0000,14798
PAFMUH_clean,2,2,2,2,2,0,6,6,6,0,10,10,0,0,Cd,2,Cc1cc(C(=O)O)cc(C(=O)O)c1,c1cc(-n2cnnc2)ccc1Cc1ccc(-n2cnnc2)cc1,110,72,2,962,887,0000,14798
PORLAL_clean,2,2,2,2,2,2,6,6,6,6,10,10,1,0,Gd,2,O=C(O)c1ccc2[nH]c(-c3ccc(-c4nc5ccc(C(=O)O)cc5[nH]4)cc3)nc2c1,N=C(N)c1ccc(-c2nc3ccc(C(=O)O)cc3[nH]2)cc1,110,72,3,962,6228,0000,0000
QUNWAZ_clean,2,2,2,2,0,0,6,6,0,0,10,0,0,0,Zn,2,c1cc(-c2ccncc2)ccn1,O=C(O)c1ccc(C#Cc2c3c(c(C#Cc4ccc(C(=O)O)cc4)c4c2C2c5ccccc5C4c4ccccc42)C2c4ccccc4C3c3ccccc32)cc1,110,72,2,6228,0000,0000,0000
TOHYUM_clean,2,2,2,2,0,0,6,6,0,0,10,0,0,0,Zn,1,O=C(O)c1cccc(C(=O)O)c1,O=C(O)c1cccc(C(=O)O)c1,110,72,2,31374,0000,0000,944
VIVLAP_clean,2,2,2,2,2,2,6,6,6,6,10,10,0,9,Tb,1,O=C(O)CCn1c(=O)n(CCC(=O)O)c(=O)n(CCC(=O)O)c1=O,O=C(O)CCn1c(=O)n(CCC(=O)O)c(=O)n(CCC(=O)O)c1=O,110,72,3,962,6228,0000,944
VOGTIV_clean_h,2,2,2,0,0,0,6,0,0,0,0,0,0,0,Mg,1,O=C(O)c1cc(O)c(C(=O)O)cc1O,O=C(O)c1cc(O)c(C(=O)O)cc1O,110,72,2,8028,0000,0000,0000
WIRKOZ_clean,2,2,2,2,0,0,6,6,0,0,10,0,0,0,Zn,1,O=C(O)c1ccc(COc2ccc(OCc3ccc(C(=O)O)cc3)c3c2C2c4ccccc4C3c3ccccc32)cc1,O=C(O)c1ccc(COc2ccc(OCc3ccc(C(=O)O)cc3)c3c2C2c4ccccc4C3c3ccccc32)cc1,110,72,2,6228,0000,0000,0000
WIRMOB_clean,2,2,2,2,0,0,6,6,0,0,10,0,0,0,Zn,1,O=C(O)c1ccc(COc2c3c(c(OCc4ccc(C(=O)O)cc4)c4c2C2c5ccccc5C4c4ccccc42)C2c4ccccc4C3c3ccccc32)cc1,O=C(O)c1ccc(COc2c3c(c(OCc4ccc(C(=O)O)cc4)c4c2C2c5ccccc5C4c4ccccc42)C2c4ccccc4C3c3ccccc32)cc1,110,72,2,6228,0000,0000,0000
XUKNIC_clean,2,2,2,2,0,0,6,6,0,0,10,0,0,0,Zn,1,O=C(O)c1ccc(-c2cc(C(=O)O)cc(C(=O)O)c2)cc1,O=C(O)c1ccc(-c2cc(C(=O)O)cc(C(=O)O)c2)cc1,110,80,2,962,0000,0000,944
KEVVIS_clean,2,2,2,2,0,0,6,6,0,0,7,0,0,0,Co,1,O=C(O)c1ccc(C(c2ccc(C(=O)O)cc2)(C(F)(F)F)C(F)(F)F)cc1,O=C(O)c1ccc(C(c2ccc(C(=O)O)cc2)(C(F)(F)F)C(F)(F)F)cc1,110,96,2,962,6228,702,0000
REDYEG_clean,2,2,2,2,0,0,6,6,0,0,10,0,0,0,Zn,1,O=C(O)c1ccncc1,O=C(O)c1ccncc1,110,96,2,887,0000,0000,0000
ADASIJ_clean,2,2,2,1,0,0,6,6,0,0,10,0,0,0,Cu,1,O=C(O)c1cc(OCc2cc(COc3cc(C(=O)O)cc(C(=O)O)c3)cc(COc3cc(C(=O)O)cc(C(=O)O)c3)c2)cc(C(=O)O)c1,O=C(O)c1cc(OCc2cc(COc3cc(C(=O)O)cc(C(=O)O)c3)cc(COc3cc(C(=O)O)cc(C(=O)O)c3)c2)cc(C(=O)O)c1,115,23,2,962,6228,0000,0000
ZUQMAB_clean,2,2,2,2,0,0,6,6,0,0,7,0,0,0,Co,2,O=C(Nc1cccnc1)c1cc(C(=O)Nc2cccnc2)cc(C(=O)Nc2cccnc2)c1,Nc1c(C(=O)O)ccc(C(=O)O)c1N,115,96,2,6228,0000,0000,0000
SONTIZ_clean,2,2,2,2,2,2,6,6,6,6,10,10,0,9,Tb,2,O=C(O)c1ccc(C(=O)O)cc1,Nc1cc(C(=O)O)c(N)cc1C(=O)O,120,20,3,6228,0000,0000,0000
SONTOF_clean,2,2,2,2,2,2,6,6,6,6,10,10,0,10,Dy,2,Nc1cc(C(=O)O)c(N)cc1C(=O)O,O=C(O)c1ccc(C(=O)O)cc1,120,20,3,6228,0000,0000,0000
XARPAK_clean,2,2,2,1,0,0,6,6,0,0,10,0,0,0,Cu,1,O=C(O)c1ccc(N2C=CN(c3ccc(C(=O)O)cc3)C2)cc1,O=C(O)c1ccc(N2C=CN(c3ccc(C(=O)O)cc3)C2)cc1,120,20,2,13387,13387,0000,0000
XIFHIF_clean,2,2,2,2,2,2,6,6,6,6,10,10,0,9,Tb,1,O=C(O)c1ccc(C(=O)O)o1,O=C(O)c1ccc(C(=O)O)o1,120,21,3,6228,0000,0000,0000
COXQUB_clean,2,2,2,2,2,0,6,6,6,0,10,10,0,0,Cd,2,c1cc(-c2ccncc2)ccn1,O=S(=O)(O)O,120,24,2,962,0000,0000,0000
HUSJUC_clean,2,2,2,2,2,2,6 ,6,6,6,10,10,1,0,La,1,O=C(O)c1ccc2c(c1)c1ccc(C(=O)O)cc1c1ccc(C(=O)O)cc21,O=C(O)c1ccc2c(c1)c1ccc(C(=O)O)cc1c1ccc(C(=O)O)cc21,120,24,3,6228,0000,0000,313
PODXEN_clean,2,2,2,2,0,0,6,6,0,0,10,0,0,0,Zn,2,c1cn(-c2ccc(N(c3ccc(-n4ccnc4)cc3)c3ccc(-n4ccnc4)cc3)cc2)cn1,O=C(O)c1ccc(-c2ccc(C(=O)O)cc2)cc1,120,24,2,679,962,6228,8471
REYCEF_clean,2,2,2,2,0,0,6,6,0,0,10,0,0,0,Zn,2,C=C(C)OCc1ccc(COc2cc(C(=O)O)cc(C(=O)O)c2)cc1,O=C(O)c1cc(OCc2ccc(COc3cc(C(=O)O)cc(C(=O)O)c3)cc2)cc(C(=O)O)c1,120,24,2,962,6342,0000,313
TIRRIW_clean,2,2,2,2,0,0,6,6,0,0,7,0,0,0,Co,2,C1=CC(c2ccncc2)C=CN1,O=C(O)c1ccc2cc(C(=O)O)ccc2c1,120,24,2,6228,0000,0000,0000
TUBJAD_clean,2,2,2,1,0,0,6,6,0,0,10,0,0,0,Cu,2,O=C(N=Cc1cccnc1)c1cccnc1,O=C(O)c1cccc(C(=O)O)c1,120,24,2,962,0000,0000,14798
XUKHUI_clean,2,2,2,2,0,0,6,6,0,0,10,0,0,0,Zn,1,O=C(O)c1cc(NCc2ccc(CNc3cc(C(=O)O)cc(C(=O)O)c3)cc2)cc(C(=O)O)c1,O=C(O)c1cc(NCc2ccc(CNc3cc(C(=O)O)cc(C(=O)O)c3)cc2)cc(C(=O)O)c1,120,24,2,962,0000,0000,0000
ZOZPUB_clean,2,2,2,2,0,0,6,6,0,0,7,0,0,0,Co,1,O=C(O)Cc1ccc(-n2cnnc2)cc1,O=C(O)Cc1ccc(-n2cnnc2)cc1,120,36,2,962,6228,0000,0000
HUVHOX_clean,2,2,2,2,0,0,6,6,0,0,10,0,0,0,Zn,1,O=C(O)CN(CP(=O)(O)O)c1nc(N(CC(=O)O)CP(=O)(O)O)[nH]c(=O)n1,O=C(O)CN(CP(=O)(O)O)c1nc(N(CC(=O)O)CP(=O)(O)O)[nH]c(=O)n1,120,40,2,962,0000,0000,0000
CIFMIP_clean,2,2,2,2,0,0,6,6,0,0,7,0,0,0,Co,1,O=C(O)c1cc(C(=O)O)cc(C(=O)O)c1,O=C(O)c1cc(C(=O)O)cc(C(=O)O)c1,120,48,2,6228,0000,0000,0000
EHODOV_SL,2,2,2,2,2,0,6,6,6,1,10,10,0,0,In,1,O=C(O)c1ccc(Oc2ccc(C(=O)O)cc2)cc1,O=C(O)c1ccc(Oc2ccc(C(=O)O)cc2)cc1,120,48,3,6228,0000,0000,0000
ILIMOH_clean,2,2,2,2,0,0,6,6,0,0,8,0,0,0,Ni,2,c1ccc(-c2nc(-c3ccncc3)n[nH]2)nc1,c1ccc(-c2n[nH]c(-c3ccncc3)n2)nc1,120,48,2,962,6228,0000,0000
ILIMUN_clean,2,2,2,2,0,0,6,6,0,0,8,0,0,0,Ni,1,c1ccc(-c2nc(-c3ccncc3)n[nH]2)nc1,c1ccc(-c2nc(-c3ccncc3)n[nH]2)nc1,120,48,2,6342,887,0000,0000
KETHEY02_clean,2,2,2,2,2,0,6,6,6,0,10,10,0,0,Cd,1,O=C(O)c1cc(C(=O)O)cc(-c2ccncc2)c1,O=C(O)c1cc(C(=O)O)cc(-c2ccncc2)c1,120,48,2,6228,0000,0000,0000
OLEKUM_manual,2,2,2,2,0,0,6,6,0,0,10,0,0,0,Zn,2,O=C(O)c1cc(Cl)c(C(=O)O)cc1Cl,C1CN2CCN1CC2,120,48,2,6228,0000,0000,0000
SARMOO_clean,2,2,2,2,2,2,6,6,6,6,10,10,0,7,Eu,1,O=C(O)c1ccc(C(=O)O)c2ccccc12,O=C(O)c1ccc(C(=O)O)c2ccccc12,120,48,3,962,0000,0000,0000
TIXVON_clean,2,2,2,0,0,0,6,0,0,0,0,0,0,0,Mg,1,O=C(O)c1ccc(Oc2ccc(C(=O)O)cc2)cc1,O=C(O)c1ccc(Oc2ccc(C(=O)O)cc2)cc1,120,48,2,31374,962,0000,14798
WIJXEU_clean,2,2,2,2,0,0,6,6,0,0,10,0,0,0,Zn,2,O=C(O)c1ccc2c(c1)[nH]c1cc(C(=O)O)ccc12,C1CN2CCN1CC2,120,48,2,6228,0000,0000,0000
WOPHEQ_clean,2,2,2,2,0,0,6,6,0,0,7,0,0,0,Co,2,Nn1c(-c2ccncc2)nnc1-c1ccncc1,O=C(O)c1cc(OCc2ccc(COc3cc(C(=O)O)cc(C(=O)O)c3)cc2)cc(C(=O)O)c1,120,48,2,962,6228,0000,944
XOTSIK_clean,2,2,2,2,2,0,6,6,6,0,10,10,0,0,Cd,1,Cc1c(C#Cc2ccc(C(=O)O)cc2)c(C)c(C#Cc2ccc(C(=O)O)cc2)c(C)c1C#Cc1ccc(C(=O)O)cc1,Cc1c(C#Cc2ccc(C(=O)O)cc2)c(C)c(C#Cc2ccc(C(=O)O)cc2)c(C)c1C#Cc1ccc(C(=O)O)cc1,120,48,2,6228,0000,0000,0000
COPXOV_clean,2,2,2,2,0,0,6,6,0,0,7,0,0,0,Co,2,C(=Cc1ccncc1)c1ccncc1,CC(C)(C)c1cc(C(=O)O)cc(C(=O)O)c1,120,72,2,962,0000,0000,14798
EYULOA_clean,2,2,2,2,0,0,6,6,0,0,7,0,0,0,Co,2,c1cc(CCCc2ccncc2)ccn1,O=C(O)c1ccc(C(=O)O)s1,120,72,2,6228,0000,0000,0000
FIHRIZ_clean,2,2,2,2,0,0,6,6,0,0,8,0,0,0,Ni,2,O=C(O)c1ccc(C(=O)O)cc1,c1cnccn1,120,72,2,31374,887,0000,0000
FURFIJ_clean,2,2,2,2,2,0,6,6,6,0,10,10,0,0,Cd,2,O=C(O)c1ccc(C(=O)O)s1,c1cc(CCCc2ccncc2)ccn1,120,72,2,31374,0000,0000,0000
FURFOP_clean,2,2,2,2,0,0,6,6,0,0,10,0,0,0,Zn,2,c1cn(CCCCn2ccnc2)cn1,O=C(O)c1ccc(C(=O)O)s1,120,72,2,31374,0000,0000,0000
GEVYEN_clean,2,2,2,2,0,0,6,6,0,0,10,0,0,0,Zn,2,O=C(O)c1ccc(C(=O)O)c(-c2cccnc2)c1,C(=Cc1ccncc1)c1ccncc1,120,72,2,962,0000,0000,0000
GEZRAG_clean,2,2,2,2,0,0,6,6,0,0,7,0,0,0,Co,1,OCC(CO)(CO)c1ccncc1,OCC(CO)(CO)c1ccncc1,120,72,2,887,0000,0000,0000
HAPGIR_clean,2,2,2,2,0,0,6,6,0,0,5,0,0,0,Mn,1,O=C(O)c1ccc2nn[nH]c2c1,O=C(O)c1ccc2nn[nH]c2c1,120,72,2,6342,6228,0000,0000
HAWGIX_charged,2,2,2,2,2,0,6,6,6,0,10,10,0,0,Cd,1,Cc1c(COc2cc(C(=O)O)cc(C(=O)O)c2)c(C)c(COc2cc(C(=O)O)cc(C(=O)O)c2)c(C)c1COc1cc(C(=O)O)cc(C(=O)O)c1,Cc1c(COc2cc(C(=O)O)cc(C(=O)O)c2)c(C)c(COc2cc(C(=O)O)cc(C(=O)O)c2)c(C)c1COc1cc(C(=O)O)cc(C(=O)O)c1,120,72,2,962,887,0000,0000
HOXSUK_clean,2,2,2,2,0,0,6,6,0,0,8,0,0,0,Ni,1,O=C(O)c1ccc(-c2cc(-c3ccc(C(=O)O)cc3)c3ccc4c(-c5ccc(C(=O)O)cc5)cc(-c5ccc(C(=O)O)cc5)c5ccc2c3c54)cc1,O=C(O)c1ccc(-c2cc(-c3ccc(C(=O)O)cc3)c3ccc4c(-c5ccc(C(=O)O)cc5)cc(-c5ccc(C(=O)O)cc5)c5ccc2c3c54)cc1,120,72,2,6228,0000,0000,0000
IYOQIY_clean,2,2,2,2,2,0,6,6,6,0,10,10,0,0,Cd,1,O=C(O)c1cc(C(=O)O)cc(-c2nnn[nH]2)c1,O=C(O)c1cc(C(=O)O)cc(-c2nnn[nH]2)c1,120,72,2,962,6228,702,944
IZIGUV_clean,2,2,2,2,2,0,6,6,6,1,10,10,0,0,In,1,O=C(O)c1ccc(NC(=O)c2ccc(-c3c4ccc(n4)c(-c4ccc(C(=O)Nc5ccc(C(=O)O)cc5)cc4)c4ccc([nH]4)c(-c4ccc(C(=O)Nc5ccc(C(=O)O)cc5)cc4)c4ccc(n4)c(-c4ccc(C(=O)Nc5ccc(C(=O)O)cc5)cc4)c4ccc3[nH]4)cc2)cc1,O=C(O)c1ccc(NC(=O)c2ccc(-c3c4ccc(n4)c(-c4ccc(C(=O)Nc5ccc(C(=O)O)cc5)cc4)c4ccc([nH]4)c(-c4ccc(C(=O)Nc5ccc(C(=O)O)cc5)cc4)c4ccc(n4)c(-c4ccc(C(=O)Nc5ccc(C(=O)O)cc5)cc4)c4ccc3[nH]4)cc2)cc1,120,72,3,962,6228,0000,284
KUKPOX_clean,2,2,2,1,0,0,6,6,0,0,10,0,0,0,Cu,1,O=C(O)c1ccc(-n2cnnc2)cc1,O=C(O)c1ccc(-n2cnnc2)cc1,120,72,2,962,31275,6228,0000
LALFEL_clean,2,2,2,2,2,0,6,6,6,0,10,10,0,0,Cd,1,O=C(O)C(=O)O,O=C(O)C(=O)O,120,72,2,962,0000,0000,0000
LAWHUP_clean,2,2,2,2,2,0,6,6,6,0,10,10,0,0,Cd,1,O=C(O)c1ccc(C(=O)O)c2nsnc12,O=C(O)c1ccc(C(=O)O)c2nsnc12,120,72,2,962,6228,702,0000
MEJQEZ_clean,2,2,2,2,0,0,6,6,0,0,10,0,0,0,Zn,1,O=C(O)c1ccncc1,O=C(O)c1ccncc1,120,72,2,962,0000,0000,0000
MEJQID_clean,2,2,2,2,0,0,6,6,0,0,10,0,0,0,Zn,2,O=C(O)c1ccncc1,Nc1ncnc2[nH]cnc12,120,72,2,31374,887,0000,0000
MEJQOJ_clean,2,2,2,2,0,0,6,6,0,0,10,0,0,0,Zn,2,O=C(O)c1ccncc1,Nc1ncnc2[nH]cnc12,120,72,2,887,13387,0000,0000
NAWKII_clean,2,2,2,0,0,0,6,0,0,0,0,0,0,0,Mg,1,O=C(O)c1ccc2cc(C(=O)O)ccc2c1,O=C(O)c1ccc2cc(C(=O)O)ccc2c1,120,72,2,962,6228,0000,0000
NOBVOR_clean,2,2,2,2,0,0,6,6,0,0,7,0,0,0,Co,2,O=C(O)c1nn[nH]c1C(=O)O,c1cc(-c2ccncc2)ccn1,120,72,2,962,0000,0000,0000
NOQLOV01_charged,2,2,2,2,2,0,6,6,6,1,10,10,0,0,In,1,O=C(O)C(=O)O,O=C(O)C(=O)O,120,72,3,962,0000,0000,313
NORJEL_clean,2,2,2,2,2,0,6,6,6,0,10,10,0,0,Cd,2,C(=Cc1ccncc1)c1ccncc1,O=C(O)c1cc2ccccc2c(Cc2c(O)c(C(=O)O)cc3ccccc23)c1O,120,72,2,962,6228,0000,0000
OYEBIE_clean,2,2,2,2,0,0,6,6,0,0,10,0,0,0,Zn,2,c1cc(CCc2ccncc2)ccn1,O=C(O)c1ccc(C(=O)O)cc1,120,72,2,962,0000,0000,0000
PIBGAK_clean,2,2,2,2,2,2,6,6,6,6,10,10,0,7,Eu,1,CC1(C)c2cc(C(=O)O)ccc2-c2ccc(C(=O)O)cc21,CC1(C)c2cc(C(=O)O)ccc2-c2ccc(C(=O)O)cc21,120,72,3,962,6228,702,0000
PUZLAZ_clean,2,2,2,2,2,0,6,6,6,1,10,10,0,0,In,1,O=C(O)c1ccc(C(=O)O)s1,O=C(O)c1ccc(C(=O)O)s1,120,72,3,6228,0000,0000,0000
QASTUC_clean,2,2,2,2,0,0,6,6,0,0,5,0,0,0,Mn,2,c1ccc(-c2cc(-c3ccc(-n4ccnc4)cc3)cc(-c3ccccn3)n2)nc1,O=C(O)c1ccc(C(=O)O)cc1,120,72,2,6228,0000,0000,0000
QIRWAR_clean,2,2,2,1,0,0,6,6,0,0,10,0,0,0,Cu,1,O=C(O)C1=NCC=NC1=O,O=C(O)C1=NCC=NC1=O,120,72,2,962,0000,0000,0000
REYCOP_clean,2,2,2,2,0,0,6,6,0,0,10,0,0,0,Zn,2,c1cc(CN2CCN(Cc3ccncc3)CC2)ccn1,O=C(O)c1cc(OCc2ccc(COc3cc(C(=O)O)cc(C(=O)O)c3)cc2)cc(C(=O)O)c1,120,72,2,962,6342,0000,0000
RUVBOB_clean,2,2,2,2,2,0,6,6,6,0,10,10,0,0,Cd,1,O=C(O)c1ccc(-n2cnnc2)cc1,O=C(O)c1ccc(-n2cnnc2)cc1,120,72,2,6228,887,0000,0000
SARMEE_clean,2,2,2,2,2,2,6,6,6,6,10,10,0,7,Eu,1,O=C(O)c1ccc(C(=O)O)c2ccccc12,O=C(O)c1ccc(C(=O)O)c2ccccc12,120,72,3,962,0000,0000,0000
TEJBAN_clean,2,2,2,2,2,2,6,6,6,6,10,10,0,7,Eu,1,O=C(O)c1ccc(CN2C=CN(Cc3ccc(C(=O)O)cc3)C2)cc1,O=C(O)c1ccc(CN2C=CN(Cc3ccc(C(=O)O)cc3)C2)cc1,120,72,3,962,0000,0000,0000
TEJLOL_clean,2,2,2,2,2,0,6,6,6,0,10,10,0,0,Cd,1,Nc1ncnc2[nH]cnc12,Nc1ncnc2[nH]cnc12,120,72,2,6228,0000,0000,0000
TETZEZ_clean,2,2,2,2,0,0,6,6,0,0,10,0,0,0,Zn,2,O=C(Nc1ccncc1)c1ccc(C(=O)Nc2ccncc2)cc1,O=C(O)c1ccc(-c2ccc(C(=O)O)cc2)cc1,120,72,2,6228,0000,0000,0000
TETZID_clean,2,2,2,2,2,0,6,6,6,0,10,10,0,0,Cd,2,O=C(O)c1ccc(C(=O)O)s1,O=C(Nc1ccncc1)c1ccc(C(=O)Nc2ccncc2)cc1,120,72,2,962,0000,0000,0000
VAGTAA_clean,2,2,2,0,0,0,6,0,0,0,0,0,0,0,Mg,1,O=C(O)c1cc(O)c(C(=O)O)cc1O,O=C(O)c1cc(O)c(C(=O)O)cc1O,120,72,2,6228,0000,0000,8471
VAQSEO_clean,2,2,2,2,2,0,6,6,6,0,10,10,0,0,Cd,2,c1cc(-c2cnc[nH]2)cc(-c2cnc[nH]2)c1,O=C(O)c1ccc(-c2cc(-c3ccc(C(=O)O)cc3)cc(-c3ccc(C(=O)O)cc3)c2)cc1,120,72,2,962,6228,0000,14798
VIPXUO_clean,2,2,2,2,0,0,6,6,0,0,7,0,0,0,Co,2,c1cc(CC(c2ccncc2)C(Cc2ccncc2)c2ccncc2)ccn1,O=C(O)c1cc(C(=O)O)c(C(=O)O)cc1C(=O)O,120,72,2,962,0000,0000,14798
WEGDIX_charged,2,2,2,2,2,0,6,6,6,0,10,10,0,0,Cd,1,O=C(O)C1=CCC(=S)N=C1,O=C(O)C1=CCC(=S)N=C1,120,72,2,6228,0000,0000,0000
YOKKIU_clean,2,2,2,2,0,0,6,6,0,0,7,0,0,0,Co,2,O=C(O)c1cccc(C(=O)O)c1,c1ccc2n[nH]nc2c1,120,72,2,702,887,0000,0000
YOYBUL_clean,2,2,2,2,0,0,6,6,0,0,10,0,0,0,Zn,2,O=C(O)c1ccc(-c2cc(-c3ccncc3)cc(-c3ccc(C(=O)O)cc3)n2)cc1,c1cc(-c2ccncc2)ccn1,120,72,2,962,702,31374,0000
EVADIQ_clean,2,2,2,2,2,2,6,6,6,6,10,10,0,10,Dy,1,O=C(O)c1ccc(-c2ccc(C(=O)O)cn2)nc1,O=C(O)c1ccc(-c2ccc(C(=O)O)cn2)nc1,120,96,3,962,6228,679,0000
HEKTUO01_clean,2,2,2,2,2,0,6,6,6,0,10,10,0,0,Cd,1,O=C(O)c1ccc(-c2cc(C(=O)O)cc(C(=O)O)c2)cc1,O=C(O)c1ccc(-c2cc(C(=O)O)cc(C(=O)O)c2)cc1,120,96,2,31374,0000,0000,0000
JUSBAC_clean,2,2,2,2,2,0,6,6,6,0,10,10,0,0,Cd,2,c1ccc2[nH]nnc2c1,O=C(O)c1ccc(-c2cc(C(=O)O)cc(C(=O)O)c2)cc1,120,96,2,6228,0000,0000,0000
NEVJEF_clean,2,2,2,2,2,0,6,6,6,0,10,10,0,0,Cd,2,O=C(O)CN(CC(=O)O)c1cc(C(=O)O)ccc1C(=O)O,c1cc(-c2ccncc2)ccn1,120,96,2,962,8028,0000,14798
NEVJOP_clean,2,2,2,2,0,0,6,6,0,0,10,0,0,0,Zn,2,O=C(O)CN(CC(=O)O)c1cc(C(=O)O)ccc1C(=O)O,c1cc(-c2ccncc2)ccn1,120,96,2,962,8028,0000,14798
UWELIS_clean,2,2,2,2,0,0,6,6,0,0,10,0,0,0,Zn,1,O=C(O)c1cc(NC(=O)c2ccncc2)cc(C(=O)O)c1,O=C(O)c1cc(NC(=O)c2ccncc2)cc(C(=O)O)c1,120,96,2,31374,0000,0000,0000
MAZSUD_clean,2,2,2,2,0,0,6,6,0,0,10,0,0,0,Zn,2,O=C(O)c1ccc(C(=O)O)cc1,c1c[nH]nn1,120,120,2,6228,0000,0000,0000
OBIBAF_clean,2,2,2,0,0,0,6,0,0,0,0,0,0,0,Mg,1,Cc1c(COc2ccc(C(=O)O)cc2)c(C)c(COc2ccc(C(=O)O)cc2)c(C)c1COc1ccc(C(=O)O)cc1,Cc1c(COc2ccc(C(=O)O)cc2)c(C)c(COc2ccc(C(=O)O)cc2)c(C)c1COc1ccc(C(=O)O)cc1,120,120,2,962,31374,0000,0000
TAGTUT_clean,2,2,2,0,0,0,6,0,0,0,0,0,0,0,Mg,1,O=C(O)c1ccc2cc(C(=O)O)ccc2c1,O=C(O)c1ccc2cc(C(=O)O)ccc2c1,120,120,2,31374,0000,0000,0000
TAGVAB_clean,2,2,2,0,0,0,6,0,0,0,0,0,0,0,Mg,1,O=C(O)c1ccc(C(=O)O)cc1,O=C(O)c1ccc(C(=O)O)cc1,120,120,2,702,0000,0000,0000
YOVPEG_clean,2,2,2,2,0,0,6,6,0,0,7,0,0,0,Co,2,c1cn(-c2ccc(-c3cc(-c4ccc(-n5ccnc5)cc4)cc(-c4ccc(-n5ccnc5)cc4)c3)cc2)cn1,O=C(O)c1ccc(Oc2ccc(C(=O)O)cc2)cc1,120,120,2,1049,6228,0000,0000
BIHMUC_clean,2,2,2,2,0,0,6,6,0,0,7,0,0,0,Co,2,O=C(O)c1cc(C(=O)O)cc(C(=O)O)c1,O=C(Nc1cccnc1)c1cncc(C(O)Nc2cccnc2)c1,120,144,2,962,0000,0000,14798
HELDOT_clean,2,2,2,2,0,0,6,6,0,0,7,0,0,0,Co,1,O=C(O)c1ccc(-c2cc(-c3ccc(C(=O)O)cc3)cc(-c3ccc(C(=O)O)cc3)c2)cc1,O=C(O)c1ccc(-c2cc(-c3ccc(C(=O)O)cc3)cc(-c3ccc(C(=O)O)cc3)c2)cc1,120,168,2,31374,0000,0000,0000
RUGKOV_clean,2,2,2,2,0,0,6,6,0,0,10,0,0,0,Zn,2,O=C(O)c1cn[nH]c1,Nc1ncnc2[nH]cnc12,120,336,2,962,6228,0000,0000
BEFGEA_manual,2,2,2,2,2,0,6,6,6,1,10,10,0,0,In,1,O=C(O)c1ccc(-c2cc(-c3ccc(C(=O)O)cc3)cc(-c3ccc(C(=O)O)cc3)c2)cc1,O=C(O)c1ccc(-c2cc(-c3ccc(C(=O)O)cc3)cc(-c3ccc(C(=O)O)cc3)c2)cc1,130,24,3,962,31275,6228,944
NAGQET_clean,2,2,2,2,0,0,6,6,0,0,7,0,0,0,Co,1,c1ccc(-c2nc(-c3ccncc3)n[nH]2)nc1,c1ccc(-c2nc(-c3ccncc3)n[nH]2)nc1,130,24,2,962,6228,0000,0000
NAGQOD_clean,2,2,2,2,0,0,6,6,0,0,7,0,0,0,Co,2,c1ccc(-c2nc(-c3ccncc3)n[nH]2)nc1,c1ccc(-c2n[nH]c(-c3ccncc3)n2)nc1,130,24,2,962,0000,0000,0000
VICSIL_clean,2,2,2,1,0,0,6,6,0,0,10,0,0,0,Cu,2,O=C(O)c1cc(C(=O)O)cc(S(=O)(=O)O)c1,Cc1c(C)c(Cn2cncn2)c(C)c(C)c1Cn1cncn1,130,24,2,962,887,0000,14798
WOXKOL_clean,2,2,2,2,0,0,6,6,0,0,5,0,0,0,Mn,2,c1cn(-c2ccc(-c3ccc(-n4ccnc4)cc3)cc2)cn1,O=C(O)c1ccc(-c2ccc(-c3ccc(-c4ccc(C(=O)O)cc4C(=O)O)cc3)cc2)c(C(=O)O)c1,130,24,2,962,6228,0000,0000
FECYUJ_clean,2,2,2,2,0,0,6,6,0,0,10,0,0,0,Zn,1,O=C(O)c1ccc2cc(C(=O)O)ccc2c1,O=C(O)c1ccc2cc(C(=O)O)ccc2c1,130,28,2,6228,0000,0000,0000
HEBJAB_clean,2,2,2,2,0,0,6,6,0,0,7,0,0,0,Co,1,O=C(O)c1ccc(COc2cc(C(=O)O)cc(C(=O)O)c2)cc1,O=C(O)c1ccc(COc2cc(C(=O)O)cc(C(=O)O)c2)cc1,130,48,2,962,0000,0000,14798
JUNBUR_clean,2,2,2,2,2,0,6,6,6,0,10,10,0,0,Cd,1,O=C(O)c1cc(C(=O)O)cc(C(=O)O)c1,O=C(O)c1cc(C(=O)O)cc(C(=O)O)c1,130,48,2,962,0000,0000,14798
XUDYOM_clean,2,2,2,2,2,0,6,6,6,1,10,10,0,0,In,1,O=C(O)C(=O)O,O=C(O)C(=O)O,130,48,3,6228,0000,0000,0000
DUKMON_clean,2,2,2,2,0,0,6,6,0,0,7,0,0,0,Co,2,O=C(O)c1cc(OCCCCCCO)cc(C(=O)O)c1,c1cn(Cc2ccc(Cn3ccnc3)cc2)cn1,130,72,2,962,0000,0000,14798
FONPUV_clean,2,2,2,2,0,0,6,6,0,0,10,0,0,0,Zn,1,O=C(O)c1ccc(-c2cc(C(=O)O)ccc2C(=O)O)cc1,O=C(O)c1ccc(-c2cc(C(=O)O)ccc2C(=O)O)cc1,130,72,2,962,0000,0000,0000
LOMMIL_clean,2,2,2,2,2,0,6,6,6,0,10,1,0,0,Y,1,O=C(O)c1ccc(C(=O)O)o1,O=C(O)c1ccc(C(=O)O)o1,130,72,3,962,0000,0000,0000
QARTEK_clean,2,2,2,2,2,0,6,6,6,0,10,10,0,0,Cd,1,O=C(O)c1cn(-c2ccc(F)cc2)c2cc(N3CCNCC3)c(F)cc2c1=O,O=C(O)c1cn(-c2ccc(F)cc2)c2cc(N3CCNCC3)c(F)cc2c1=O,130,72,2,962,0000,0000,14797
TORXIJ_clean,2,2,2,1,0,0,6,6,0,0,10,0,0,0,Cu,1,c1nn[nH]n1,c1nn[nH]n1,130,72,2,962,887,0000,0000
WOZGUP_clean,2,2,2,2,0,0,6,6,0,0,7,0,0,0,Co,1,c1ncn(Cc2ccc(-c3ccc(Cn4cncn4)cc3)cc2)n1,c1ncn(Cc2ccc(-c3ccc(Cn4cncn4)cc3)cc2)n1,130,72,2,962,0000,0000,14798
YILJAG_clean,2,2,2,2,0,0,6,6,0,0,10,0,0,0,Zn,2,Cc1n[nH]c(C)c1-c1c(C)n[nH]c1C,O=C(O)c1ccc(C(=O)O)cc1,130,72,2,6228,702,0000,0000
IWELIG01_clean,2,2,2,2,0,0,6,6,0,0,7,0,0,0,Co,2,O=c1[nH]cnc2[nH]cnc12,O=c1[nH]cnc2nc[nH]c12,130,96,2,962,0000,0000,0000
BOPHEV_clean,2,2,2,2,2,0,6,6,6,0,10,10,0,0,Cd,1,O=C(O)c1cccc(-c2cc(C(=O)O)c(-c3cccc(C(=O)O)c3)cc2C(=O)O)c1,O=C(O)c1cccc(-c2cc(C(=O)O)c(-c3cccc(C(=O)O)c3)cc2C(=O)O)c1,130,144,2,6228,0000,0000,0000
BOPHIZ_clean,2,2,2,2,2,0,6,6,6,0,10,10,0,0,Cd,1,O=C(O)c1cccc(-c2cc(C(=O)O)c(-c3cccc(C(=O)O)c3)cc2C(=O)O)c1,O=C(O)c1cccc(-c2cc(C(=O)O)c(-c3cccc(C(=O)O)c3)cc2C(=O)O)c1,130,144,2,6228,0000,0000,0000
RULXOM_clean,2,2,2,2,0,0,6,6,0,0,6,0,0,0,Fe,1,O=C(O)c1ccc(-c2nc(-c3ccc(C(=O)O)cc3)nc(-c3ccc(C(=O)O)cc3)n2)cc1,O=C(O)c1ccc(-c2nc(-c3ccc(C(=O)O)cc3)nc(-c3ccc(C(=O)O)cc3)n2)cc1,135,72,2,6228,679,0000,28118
GUVBOQ_clean,2,2,2,2,0,0,6,6,0,0,10,0,0,0,Zn,1,O=C(O)c1c(O)cc(-c2cc(C3=CC(=O)C(C(=O)O)C(O)=C3)cc(-c3cc(O)c(C(=O)O)c(O)c3)c2)cc1O,O=C(O)c1c(O)cc(-c2cc(C3=CC(=O)C(C(=O)O)C(O)=C3)cc(-c3cc(O)c(C(=O)O)c(O)c3)c2)cc1O,140,12,2,962,0000,0000,0000
VEYVEC_clean,2,2,2,2,0,0,6,6,0,0,7,0,0,0,Co,2,c1cc(-c2ccncc2)ccn1,O=C(O)c1c(C(=O)O)c(C(=O)O)c(C(=O)O)c(C(=O)O)c1C(=O)O,140,24,2,962,0000,0000,0000
KIYMIP_clean,2,2,2,2,0,0,6,6,0,0,8,0,0,0,Ni,2,c1cc(-c2ccncc2)ccn1,O=C(O)c1ccc(C(c2ccc(C(=O)O)c(C(=O)O)c2)(C(F)(F)F)C(F)(F)F)cc1C(=O)O,140,40,2,962,0000,0000,0000
EXOTOB_clean,2,2,2,2,0,0,6,6,0,0,8,0,0,0,Ni,2,c1cc(-c2nc(-c3ccncc3)nc(-c3ccncc3)n2)ccn1,O=C(O)c1cccc(C(=O)O)c1-c1c(C(=O)O)cccc1C(=O)O,140,48,1,962,887,0000,0000
NEFTUP_clean,2,2,2,2,0,0,6,6,0,0,7,0,0,0,Co,2,NNN,c1cn(-c2ccc(-n3ccnc3)cc2)cn1,140,48,2,962,887,0000,0000
QUHMOX_clean,2,2,2,2,2,2,6,6,6,6,10,10,1,0,Gd,1,O=S(=O)(O)O,O=S(=O)(O)O,140,48,3,679,0000,0000,284
QUPDEL01_clean,2,2,2,2,2,2,6,6,6,6,10,10,1,0,Gd,2,O=C(O)C=CC(=O)O,O=C(O)C(=O)O,140,48,3,962,0000,0000,0000
WUDQIW_clean,2,2,2,2,0,0,6,6,0,0,8,0,0,0,Ni,1,O=C(O)Cn1cncn1,O=C(O)Cn1cncn1,140,48,2,702,0000,0000,0000
OGUPIQ_clean,2,2,2,2,0,0,6,6,0,0,7,0,0,0,Co,1,Nc1cc(C(=O)O)cc(C(=O)O)c1,Nc1cc(C(=O)O)cc(C(=O)O)c1,140,72,2,962,0000,0000,14798
QANSUV_clean,2,2,2,1,0,0,6,6,0,0,10,0,0,0,Cu,1,O=C(O)c1ccc2[nH]nnc2c1,O=C(O)c1ccc2[nH]nnc2c1,140,72,2,962,6342,0000,0000
RUFDUT_clean,2,2,2,2,0,0,6,6,0,0,8,0,0,0,Ni,1,O=P(O)(O)C(O)(Cc1cccnc1)P(=O)(O)O,O=P(O)(O)C(O)(Cc1cccnc1)P(=O)(O)O,140,72,2,962,6228,0000,0000
RUPTED_clean,2,2,2,1,0,0,6,6,0,0,10,0,0,0,Cu,1,O=C(O)c1cnccn1,O=C(O)c1cnccn1,140,72,1,962,6342,0000,176
SAJDIT_clean,2,2,2,2,2,2,6,6,6,6,10,10,0,9,Tb,1,Cc1c(COc2cccc(C(=O)O)c2)c(C)c(COc2cccc(C(=O)O)c2)c(C)c1COc1cccc(C(=O)O)c1,Cc1c(COc2cccc(C(=O)O)c2)c(C)c(COc2cccc(C(=O)O)c2)c(C)c1COc1cccc(C(=O)O)c1,140,72,3,6228,0000,0000,0000
SEFSOM_clean,2,2,2,2,2,0,6,6,6,0,10,10,0,0,Cd,2,O=C(O)c1cc(C(=O)O)cc(S(=O)(=O)O)c1,c1cn(Cc2ccc(Cn3ccnc3)cc2)cn1,140,72,2,962,0000,0000,14798
UXIQOJ_clean,2,2,2,2,0,0,6,6,0,0,8,0,0,0,Ni,1,O=C(O)c1cc(C(=O)O)cc(-c2cc(C(=O)O)cc(C(=O)O)c2)c1,O=C(O)c1cc(C(=O)O)cc(-c2cc(C(=O)O)cc(C(=O)O)c2)c1,140,72,2,962,6228,0000,944
YOPQEB_clean,2,2,2,2,0,0,6,6,0,0,7,0,0,0,Co,1,O=C(O)c1cc(C(=O)O)cc(-c2c(C(=O)O)cc(C(=O)O)cc2C(=O)O)c1,O=C(O)c1cc(C(=O)O)cc(-c2c(C(=O)O)cc(C(=O)O)cc2C(=O)O)c1,140,72,2,962,702,0000,14798
ZALMIL_clean,2,2,2,2,0,0,6,6,0,0,7,0,0,0,Co,1,O=C(O)C1CC(C(=O)O)C(C(=O)O)CC1C(=O)O,O=C(O)C1CC(C(=O)O)C(C(=O)O)CC1C(=O)O,140,72,2,962,0000,0000,14798
COWXOC_clean,2,2,2,2,2,0,6,6,6,0,10,10,0,0,Cd,2,c1cc(-c2nc(-c3ccncc3)c(-c3ccncc3)[nH]2)ccn1,CC1(C(=O)O)CCC(C(=O)O)C1(C)C,140,75,2,962,6228,887,0000
HUYXOP_clean,2,2,2,2,0,0,6,6,0,0,8,0,0,0,Ni,1,c1cn(-c2ccc(-c3ccc(-n4ccnc4)cc3)cc2)cn1,c1cn(-c2ccc(-c3ccc(-n4ccnc4)cc3)cc2)cn1,140,96,2,962,6228,702,0000
HUYXUV_clean,2,2,2,2,0,0,6,6,0,0,7,0,0,0,Co,1,c1cn(-c2ccc(-c3ccc(-n4ccnc4)cc3)cc2)cn1,c1cn(-c2ccc(-c3ccc(-n4ccnc4)cc3)cc2)cn1,140,96,2,962,6228,702,284
LASMAV_neutral,2,2,2,2,0,0,6,6,0,0,7,0,0,0,Co,1,O=C(O)c1ccncc1,O=C(O)c1ccncc1,140,96,2,702,0000,0000,8471
YIPDOR_clean,2,2,2,1,0,0,6,6,0,0,10,0,0,0,Cu,1,c1ncn(Cc2ccc(-c3ccc(Cn4cncn4)cc3)cc2)n1,c1ncn(Cc2ccc(-c3ccc(Cn4cncn4)cc3)cc2)n1,140,120,2,962,0000,0000,0000
ZIQJEQ_clean,2,2,2,1,0,0,6,6,0,0,10,0,0,0,Cu,1,c1ncn(Cc2ccc(Cn3cncn3)cc2)n1,c1ncn(Cc2ccc(Cn3cncn3)cc2)n1,140,120,2,962,0000,0000,313
LALFUB_clean,2,2,2,2,2,2,6,6,6,6,10,10,0,7,Eu,2,O=C(O)c1cnc(C(=O)O)cn1,O=C(O)C(=O)O,150,24,3,962,0000,0000,944
FONKEA_clean,2,2,2,2,2,0,6,6,6,0,10,10,0,0,Cd,1,O=C(O)c1ccc(-c2cc(C(=O)O)ccc2C(=O)O)cc1,O=C(O)c1ccc(-c2cc(C(=O)O)ccc2C(=O)O)cc1,150,36,2,962,6228,887,0000
DOGZIJ_clean,2,2,2,2,0,0,6,6,0,0,10,0,0,0,Zn,2,Cc1c(C)c(Cn2ccnc2)c(C)c(C)c1Cn1ccnc1,O=C(O)c1ccc(C(=O)O)cc1,150,43,2,962,0000,0000,0000
FIHFAF_clean,2,2,2,2,0,0,6,6,0,0,7,0,0,0,Co,2,Nc1nc[nH]n1,Nc1ncn[nH]1,150,60,2,6228,0000,0000,0000
QOPPES_clean,2,2,2,2,0,0,6,6,0,0,7,0,0,0,Co,2,O=C(O)c1ccc(C(=O)O)cc1,O=C(O)c1ccncc1,150,65,2,6228,0000,0000,222
ILOJEZ_clean,2,2,2,2,0,0,6,6,0,0,10,0,0,0,Zn,2,c1ncn(Cc2ccc(-c3ccc(Cn4cncn4)cc3)cc2)n1,O=C(O)c1cc(C(=O)O)c(C(=O)O)cc1C(=O)O,150,72,2,962,0000,0000,14798
ILOTOT_clean,2,2,2,2,0,0,6,6,0,0,7,0,0,0,Co,1,O=C(O)c1ccc(OCCCOc2ccc(C(=O)O)cc2)cc1,O=C(O)c1ccc(OCCCOc2ccc(C(=O)O)cc2)cc1,150,72,2,962,6342,887,14798
IYEPUZ_clean,2,2,2,2,0,0,6,6,0,0,5,0,0,0,Mn,1,O=C(O)c1cc(Oc2ccc(-c3c4ccc(n4)c(-c4ccc(Oc5cc(C(=O)O)cc(C(=O)O)c5)cc4)c4ccc([nH]4)c(-c4ccc(Oc5cc(C(=O)O)cc(C(=O)O)c5)cc4)c4ccc(n4)c(-c4ccc(Oc5cc(C(=O)O)cc(C(=O)O)c5)cc4)c4ccc3[nH]4)cc2)cc(C(=O)O)c1,O=C(O)c1cc(Oc2ccc(-c3c4ccc(n4)c(-c4ccc(Oc5cc(C(=O)O)cc(C(=O)O)c5)cc4)c4ccc([nH]4)c(-c4ccc(Oc5cc(C(=O)O)cc(C(=O)O)c5)cc4)c4ccc(n4)c(-c4ccc(Oc5cc(C(=O)O)cc(C(=O)O)c5)cc4)c4ccc3[nH]4)cc2)cc(C(=O)O)c1,150,72,2,962,702,31374,0000
LIVLUZ_clean,2,2,2,2,2,0,6,6,6,0,10,10,0,0,Cd,1,O=C(O)c1ccc(-n2cncn2)cc1,O=C(O)c1ccc(-n2cncn2)cc1,150,72,2,6228,0000,0000,0000
PELXIP_clean,2,2,2,2,2,0,6,6,6,0,10,10,0,0,Cd,2,O=C(O)c1cccc(-c2nnn[nH]2)c1,O=C(O)c1cccc(-c2nn[nH]n2)c1,150,72,2,962,0000,0000,0000
SUWQEI_clean,2,2,2,1,0,0,6,6,0,0,10,0,0,0,Cu,1,c1cc(-c2ccncc2)ccn1,c1cc(-c2ccncc2)ccn1,150,72,2,962,0000,0000,313
TEDSIG_clean,2,2,2,2,0,0,6,6,0,0,10,0,0,0,Zn,2,O=C(O)c1cc(C(=O)O)cc(C(=O)O)c1,Cc1nccn1CCCCCCn1ccnc1C,150,72,2,962,702,0000,0000
TORXAB_clean,2,2,2,1,0,0,6,6,0,0,10,0,0,0,Cu,1,c1nnn[nH]1,c1nnn[nH]1,150,72,2,962,0000,0000,0000
VAJQOP_clean,2,2,2,2,0,0,6,6,0,0,7,0,0,0,Co,2,O=C(O)c1ccncc1C(=O)O,C(=Cc1ccncc1)c1ccncc1,150,72,2,962,702,0000,0000
WARJAC_clean,2,2,2,2,0,0,6,6,0,0,8,0,0,0,Ni,1,O=C(O)c1n[nH]c(C(=O)O)n1,O=C(O)c1n[nH]c(C(=O)O)n1,150,72,2,962,0000,0000,14798
WISTID_clean,2,2,2,2,0,0,6,6,0,0,10,0,0,0,Zn,1,O=C(O)c1ccc(C(=O)O)c(-c2cc(C(=O)O)ccc2C(=O)O)c1,O=C(O)c1ccc(C(=O)O)c(-c2cc(C(=O)O)ccc2C(=O)O)c1,150,72,2,962,702,0000,0000
WOSHET_clean,2,2,2,1,0,0,6,6,0,0,10,0,0,0,Cu,2,c1cc(-c2nc(-c3ccncc3)n[nH]2)nc(-c2nnc(-c3ccncc3)[nH]2)c1,C#N,150,72,1,6342,0000,0000,222
BURJOO_clean,2,2,2,2,0,0,6,6,0,0,7,0,0,0,Co,2,c1cc(-c2n[nH]c(-c3ccncc3)n2)ccn1,O=C(O)c1cc2nc[nH]c2cc1C(=O)O,150,96,2,962,0000,0000,14798
CUFJUK_clean,2,2,2,2,0,0,6,6,0,0,7,0,0,0,Co,1,O=C(O)c1cccc(-c2cc(C(=O)O)c(-c3cccc(C(=O)O)c3)cc2C(=O)O)c1,O=C(O)c1cccc(-c2cc(C(=O)O)c(-c3cccc(C(=O)O)c3)cc2C(=O)O)c1,150,96,2,962,6228,0000,0000
LARPOL_charged,2,2,2,2,0,0,6,6,0,0,6,0,0,0,Fe,1,O=C(O)c1cc(C(=O)O)cc(C(=O)O)c1,O=C(O)c1cc(C(=O)O)cc(C(=O)O)c1,150,96,2,6228,0000,0000,0000
LARZEL_SL_part,2,2,2,2,2,0,6,6,6,0,10,10,0,0,Cd,1,Cc1nc(C(=O)O)c(C(=O)O)[nH]1,Cc1nc(C(=O)O)c(C(=O)O)[nH]1,150,96,2,1049,962,0000,0000
ORIBAU_clean,2,2,2,2,0,0,6,6,0,0,10,0,0,0,Zn,1,O=C(O)c1ccc(C(=O)O)cc1,O=C(O)c1ccc(C(=O)O)cc1,150,96,2,6228,887,0000,0000
TOFLAD_clean,2,2,2,2,2,0,6,6,6,0,10,10,0,0,Cd,2,O=C(O)c1cc(C(=O)O)cc(C(=O)O)c1,c1cc(-c2cc(-c3ccncc3)nc(-c3ccncc3)c2)ccn1,150,96,2,962,31374,0000,0000
XACSIG_clean,2,2,2,2,0,0,6,6,0,0,5,0,0,0,Mn,1,O=C(O)c1ccc(COc2cc(OCc3ccc(C(=O)O)cc3)cc(C(=O)O)c2)cc1,O=C(O)c1ccc(COc2cc(OCc3ccc(C(=O)O)cc3)cc(C(=O)O)c2)cc1,150,96,2,962,0000,0000,0000
YOFGOR_clean,2,2,2,2,0,0,6,6,0,0,5,0,0,0,Mn,1,O=C(O)c1cccc(C(=O)O)c1,O=C(O)c1cccc(C(=O)O)c1,150,120,2,12051,0000,0000,0000
NOQKOV_clean,2,2,2,2,0,0,6,6,0,0,7,0,0,0,Co,2,O=C(O)c1nc[nH]c1C(=O)O,c1cc(-c2ccc(-c3ccncc3)cc2)ccn1,160,12,2,962,0000,0000,8471
REYJEM_clean,2,2,2,2,2,0,6,6,6,1,10,10,0,0,In,1,O=C(O)c1cc(OCC(COc2cc(C(=O)O)cc(C(=O)O)c2)(COc2cc(C(=O)O)cc(C(=O)O)c2)COc2cc(C(=O)O)cc(C(=O)O)c2)cc(C(=O)O)c1,O=C(O)c1cc(OCC(COc2cc(C(=O)O)cc(C(=O)O)c2)(COc2cc(C(=O)O)cc(C(=O)O)c2)COc2cc(C(=O)O)cc(C(=O)O)c2)cc(C(=O)O)c1,160,24,3,6228,0000,0000,313
ANIDIL_clean,2,2,2,2,0,0,6,6,0,0,7,0,0,0,Co,2,c1cc(CCCc2ccncc2)ccn1,O=C(O)c1cccc(C(=O)O)c1,160,48,2,6228,702,0000,14923
EXALAR_clean,2,2,2,2,0,0,6,6,0,0,8,0,0,0,Ni,1,c1ncn(CCCCn2cncn2)n1,c1ncn(CCCCn2cncn2)n1,160,48,2,962,0000,0000,0000
IPIHIA_clean,2,2,2,2,2,0,6,6,6,0,10,10,0,0,Cd,2,c1ccc(Cn2cncn2)c(Cn2cncn2)c1,O=C(O)c1cc(C(=O)O)c(C(=O)O)cc1C(=O)O,160,48,2,962,887,0000,14798
WUDJAI_clean,2,2,2,2,0,0,6,6,0,0,7,0,0,0,Co,2,c1cc(-c2ccncc2)ccn1,O=C(O)c1ccc(C(=O)O)c(S(=O)(=O)O)c1,160,48,2,962,0000,0000,0000
IZEBEV_clean,2,2,2,2,2,0,6,6,6,0,10,10,0,0,Cd,1,O=C(O)c1ccc(COc2cc(C(=O)O)cc(C(=O)O)c2)cc1,O=C(O)c1ccc(COc2cc(C(=O)O)cc(C(=O)O)c2)cc1,160,60,2,962,0000,0000,0000
AVESAW_clean,2,2,2,2,2,0,6,6,6,0,10,10,0,0,Cd,2,c1nnc[nH]1,c1nc[nH]n1,160,72,2,962,6342,0000,0000
FAHQIQ_clean,2,2,2,2,2,0,6,6,6,1,10,10,0,0,In,1,O=C(O)c1ccc(-c2ccc(C(=O)O)cc2)cc1,O=C(O)c1ccc(-c2ccc(C(=O)O)cc2)cc1,160,72,3,962,6228,0000,0000
FIBFUS_clean,2,2,2,2,0,0,6,6,0,0,8,0,0,0,Ni,1,c1cn(Cc2ccc(-c3nc(-c4ccc(Cn5ccnc5)cc4)nc(-c4ccc(Cn5ccnc5)cc4)n3)cc2)cn1,c1cn(Cc2ccc(-c3nc(-c4ccc(Cn5ccnc5)cc4)nc(-c4ccc(Cn5ccnc5)cc4)n3)cc2)cn1,160,72,2,962,702,0000,0000
HABZEQ_clean,2,2,2,2,0,0,6,6,0,0,7,0,0,0,Co,1,O=C(O)c1ccc(C(=O)O)c(C(=O)O)c1,O=C(O)c1ccc(C(=O)O)c(C(=O)O)c1,160,72,2,962,0000,0000,14798
JUNBOL_clean,2,2,2,2,2,0,6,6,6,0,10,10,0,0,Cd,1,O=C(O)c1ccc(Oc2cc(C(=O)O)cc(C(=O)O)c2)cc1,O=C(O)c1ccc(Oc2cc(C(=O)O)cc(C(=O)O)c2)cc1,160,72,2,962,0000,0000,14798
KAVNIH_clean,2,2,2,2,0,0,6,6,0,0,7,0,0,0,Co,2,O=C(O)c1c2ccccc2c(C(=O)O)c2ccccc12,c1cn(-c2ccc(-c3cc(-c4ccc(-n5ccnc5)cc4)cc(-c4ccc(-n5ccnc5)cc4)c3)cc2)cn1,160,72,2,1049,6228,0000,0000
KUJNEJ_clean,2,2,2,2,0,0,6,6,0,0,8,0,0,0,Ni,2,O=C(O)c1ccc(-c2ccncc2)cc1,O=C(O)c1ccc2cc(C(=O)O)ccc2c1,160,72,2,31374,887,0000,14798
LIJXEI_clean,2,2,2,2,2,0,6,6,6,0,10,10,0,0,Cd,2,CC(=O)O,O=C(O)c1cc2ccccc2c(Cc2c(O)c(C(=O)O)cc3ccccc23)c1O,160,72,2,702,0000,0000,14798
MUVROM_clean,2,2,2,2,0,0,6,6,0,0,7,0,0,0,Co,2,O=C(O)c1cc(C(=O)O)cc(C(=O)O)c1,c1cc(-n2cnnc2)cc(-n2cnnc2)c1,160,72,2,962,6342,0000,0000
ORUHAM_clean,2,2,2,2,2,0,6,6,6,0,10,10,0,0,Cd,2,O=C(O)c1ccc(C(=O)O)c2ccccc12,c1cc(-c2nc(-c3cnccn3)n[nH]2)ccn1,160,72,2,962,887,0000,0000
PEWKOT_clean,2,2,2,2,2,0,6,6,6,0,10,10,0,0,Cd,1,O=C(O)c1nc(-c2ccccc2)[nH]c1C(=O)O,O=C(O)c1nc(-c2ccccc2)[nH]c1C(=O)O,160,72,2,962,6342,0000,8471
PUPXII01_clean,2,2,2,2,0,0,6,6,0,0,5,0,0,0,Mn,2,N=C(NCC(=O)O)c1ccncc1,O=C(O)c1nc(-c2ccncc2)[nH]c1C(=O)O,160,72,2,962,0000,0000,0000
SIVWUR_clean,2,2,2,2,2,0,6,6,6,0,10,10,0,0,Cd,1,O=C(O)c1cccc(-c2cncc(-c3cccc(C(=O)O)c3)c2)c1,O=C(O)c1cccc(-c2cncc(-c3cccc(C(=O)O)c3)c2)c1,160,72,2,962,6342,0000,0000
TIKMEH_clean,2,2,2,2,2,0,6,6,6,0,10,10,0,0,Cd,2,c1cc(-c2ccncc2)ccn1,O=C(O)c1cccc(C(=O)O)c1C(=O)O,160,72,2,962,174,0000,0000
TIXCIO_clean,2,2,2,2,2,0,6,6,6,0,10,10,0,0,Cd,1,c1ncc(-c2cc(-c3cnc[nH]3)cc(-c3cnc[nH]3)c2)[nH]1,c1ncc(-c2cc(-c3cnc[nH]3)cc(-c3cnc[nH]3)c2)[nH]1,160,72,2,962,887,0000,0000
VAKREG_charged,2,2,2,2,0,0,6,6,0,0,7,0,0,0,Co,1,O=C(O)c1ccc(C(=O)O)cc1,O=C(O)c1ccc(C(=O)O)cc1,160,72,2,6228,0000,0000,0000
VIZQEC_clean,2,2,2,2,0,0,6,6,0,0,7,0,0,0,Co,1,O=C(O)c1ccc(S(=O)(=O)c2ccc(C(=O)O)cc2)cc1,O=C(O)c1ccc(S(=O)(=O)c2ccc(C(=O)O)cc2)cc1,160,72,2,6228,887,0000,0000
VOCCOH_clean,2,2,2,2,0,0,6,6,0,0,8,0,0,0,Ni,1,O=C(O)c1cc(C(=O)O)cc(-c2cc(C(=O)O)ccc2C(=O)O)c1,O=C(O)c1cc(C(=O)O)cc(-c2cc(C(=O)O)ccc2C(=O)O)c1,160,72,2,962,0000,0000,14798
VUHGAH_clean,2,2,2,2,0,0,6,6,0,0,7,0,0,0,Co,1,O=C(O)c1cc(-n2ccnc2)cc(-n2ccnc2)c1,O=C(O)c1cc(-n2ccnc2)cc(-n2ccnc2)c1,160,72,2,962,702,0000,14798
XADDOX_clean,2,2,2,2,0,0,6,6,0,0,7,0,0,0,Co,1,O=C(O)c1cccc(C(=O)O)c1,O=C(O)c1cccc(C(=O)O)c1,160,72,2,887,0000,0000,0000
XAXQEU_SL,2,2,2,2,2,0,6,6,6,1,10,10,0,0,In,1,O=C(O)C1CCC(C(=O)O)CC1,O=C(O)C1CCC(C(=O)O)CC1,160,72,3,962,6342,0000,0000
XOVVEK_clean,2,2,2,2,0,0,6,6,0,0,10,0,0,0,Zn,2,c1nnc[nH]1,O=C(O)c1cccc(C(=O)O)c1,160,72,2,962,0000,0000,0000
XULDOZ_clean,2,2,2,2,0,0,6,6,0,0,7,0,0,0,Co,1,O=C(O)c1cc(OCCCCCOc2cc(C(=O)O)cc(C(=O)O)c2)cc(C(=O)O)c1,O=C(O)c1cc(OCCCCCOc2cc(C(=O)O)cc(C(=O)O)c2)cc(C(=O)O)c1,160,72,2,962,6342,31275,14798
YOQYOT_clean,2,2,2,2,2,0,6,6,6,0,10,10,0,0,Cd,2,O=C(O)c1ccc(C(=O)O)cc1,c1nncn1CCn1cnnc1,160,72,2,962,0000,0000,8471
FEYDET_clean,2,2,2,2,2,0,6,6,6,1,10,10,0,0,In,1,O=C(O)c1cc(C(=O)O)cc(C(=O)O)c1,O=C(O)c1cc(C(=O)O)cc(C(=O)O)c1,160,85,3,1049,962,0000,0000
AGUWUV_clean,2,2,2,2,0,0,6,6,0,0,8,0,0,0,Ni,2,c1cnc(-c2nn[nH]n2)cn1,O=C(O)c1cc(C(=O)O)c(C(=O)O)cc1C(=O)O,160,96,2,962,0000,0000,0000
COVYIX_clean,2,2,2,1,0,0,6,6,0,0,10,0,0,0,Cu,2,O=C(O)c1cccc(C(=O)O)c1,c1c[nH]nn1,160,96,2,962,0000,0000,8471
GIKMOD_clean,2,2,2,1,0,0,6,6,0,0,10,0,0,0,Cu,1,O=C(O)c1cc(C(=O)O)cc(S(=O)(=O)O)c1,O=C(O)c1cc(C(=O)O)cc(S(=O)(=O)O)c1,160,96,2,962,0000,0000,0000
KAVGAQ_clean,2,2,2,2,0,0,6,6,0,0,7,0,0,0,Co,2,O=C(O)c1nc[nH]c1C(=O)O,c1cc(-c2ccncc2)ccn1,160,96,2,962,0000,0000,8471
KUQWIE_clean,2,2,2,2,2,0,6,6,6,0,10,10,0,0,Cd,1,O=C(O)C1CCN(CP(=O)(O)O)CC1,O=C(O)C1CCN(CP(=O)(O)O)CC1,160,96,2,962,0000,0000,3301
QATXIU_clean,2,2,2,2,2,0,6,6,6,0,10,10,0,0,Cd,1,O=C(O)c1cccc(C(=O)O)c1-c1c(C(=O)O)cccc1C(=O)O,O=C(O)c1cccc(C(=O)O)c1-c1c(C(=O)O)cccc1C(=O)O,160,96,2,6228,0000,0000,8471
TAHYUZ_clean,2,2,2,2,0,0,6,6,0,0,7,0,0,0,Co,1,O=C(O)c1ccc(-c2cc(C(=O)O)c(C(=O)O)cc2-c2ccc(C(=O)O)cc2)cc1,O=C(O)c1ccc(-c2cc(C(=O)O)c(C(=O)O)cc2-c2ccc(C(=O)O)cc2)cc1,160,96,2,962,0000,0000,0000
HAVZIP_clean,2,2,2,2,0,0,6,6,0,0,7,0,0,0,Co,2,O=C(O)C(=O)O,c1cc(-c2ccncc2)ccn1,160,120,2,962,702,0000,971
TOJVIZ_clean,2,2,2,2,0,0,6,6,0,0,7,0,0,0,Co,1,ON1C=CC(=C2C=CN(O)C=C2)C=C1,ON1C=CC(=C2C=CN(O)C=C2)C=C1,160,120,2,962,0000,0000,14798
TUGFAE_clean,2,2,2,2,0,0,6,6,0,0,8,0,0,0,Ni,1,ON1C=CC(C2=CCN(O)C=C2)C=C1,ON1C=CC(C2=CCN(O)C=C2)C=C1,160,120,2,962,0000,0000,14798
XUHVON_clean,2,2,2,2,0,0,6,6,0,0,10,0,0,0,Zn,2,O=C(O)c1cc(C(=O)O)cc(C(=O)O)c1,c1cc(-c2nnn[nH]2)ccc1-c1nn[nH]n1,160,120,2,702,0000,0000,0000
QOKCID_clean,2,2,2,2,0,0,6,6,0,0,10,0,0,0,Zn,2,C=C(C)OCc1cccc(COc2cc(C(=O)O)cc(C(=O)O)c2)c1,O=C(O)c1cc(OCc2cccc(COc3cc(C(=O)O)cc(C(=O)O)c3)c2)cc(C(=O)O)c1,160,144,2,962,0000,0000,14797
VUQKAU01_clean,2,2,2,2,0,0,6,6,0,0,5,0,0,0,Mn,1,O=C(O)c1ccc(-c2ccc(C(=O)O)cc2)cc1,O=C(O)c1ccc(-c2ccc(C(=O)O)cc2)cc1,161,480,2,31374,0000,0000,0000
NETYIV_clean,2,2,2,1,0,0,6,6,0,0,10,0,0,0,Cu,1,c1cc(-c2ccncc2)ccn1,c1cc(-c2ccncc2)ccn1,165,96,1,962,0000,0000,313
SOGWIV_charged,2,2,2,2,2,0,6,6,6,0,10,10,0,0,Cd,1,O=C(O)C(=O)O,O=C(O)C(=O)O,165,168,2,962,702,0000,0000
GISZUF_clean,2,2,2,2,2,0,6,6,6,0,10,10,0,0,Cd,2,c1cc(C2C(c3ccncc3)C(c3ccncc3)C2c2ccncc2)ccn1,O=S(=O)(O)O,170,24,2,962,0000,0000,0000
MITGIF_clean,2,2,2,2,2,0,6,6,6,0,10,1,0,0,Y,1,O=C(O)c1cc(C(=O)O)c(C(=O)O)cc1C(=O)O,O=C(O)c1cc(C(=O)O)c(C(=O)O)cc1C(=O)O,170,36,3,962,0000,0000,0000
XOJWID_charged,2,2,2,2,0,0,6,6,0,0,10,0,0,0,Zn,1,O=C(O)c1ccc(P(=O)(O)O)cc1,O=C(O)c1ccc(P(=O)(O)O)cc1,170,48,2,6228,0000,0000,0000
XOJWOJ_clean,2,2,2,2,0,0,6,6,0,0,10,0,0,0,Zn,1,O=C(O)c1ccc(P(=O)(O)O)cc1,O=C(O)c1ccc(P(=O)(O)O)cc1,170,48,2,962,0000,0000,0000
DACXOV_clean,2,2,2,2,2,2,6,6,6,6,10,10,0,9,Tb,1,O=C(O)c1ccc2cc(C(=O)O)ccc2c1,O=C(O)c1ccc2cc(C(=O)O)ccc2c1,170,72,3,962,0000,0000,313
GURTIX_charged,2,2,2,2,2,0,6,6,6,1,10,10,0,0,In,2,O=C(O)c1ccc(C(=O)O)c(C(=O)O)c1,O=C(O)c1ccc(C(=O)O)cc1,170,72,3,962,0000,0000,0000
MAQJEW_clean,2,2,2,2,0,0,6,6,0,0,8,0,0,0,Ni,1,O=C(O)C(=O)O,O=C(O)C(=O)O,170,72,2,962,0000,0000,0000
UZAFIL_clean,2,2,2,2,0,0,6,6,0,0,8,0,0,0,Ni,2,O=C(O)CCCCC(=O)O,c1cn(CC(Cn2ccnc2)(Cn2ccnc2)Cn2ccnc2)cn1,170,72,2,962,0000,0000,0000
TAYNEN_clean,2,2,2,2,2,0,6,6,6,0,10,10,0,0,Cd,2,c1cc(CCCc2ccncc2)ccn1,O=C(O)c1cc(O)cc(C(=O)O)c1,170,96,2,962,0000,0000,14798
PIGXAF_clean,2,2,2,2,2,0,6,6,6,0,10,10,0,0,Cd,1,O=C(O)C(=O)O,O=C(O)C(=O)O,170,168,2,6228,887,0000,0000
UFASAW_charged,2,2,2,2,2,0,6,6,6,0,10,10,0,0,Cd,1,O=C(O)c1nc[nH]c1C(=O)O,O=C(O)c1nc[nH]c1C(=O)O,170,168,2,962,0000,0000,14797
DOKHIV_clean,2,2,2,1,0,0,6,6,0,0,10,0,0,0,Cu,1,O=C(O)c1cc(C(=O)O)cc(C(=O)O)c1,O=C(O)c1cc(C(=O)O)cc(C(=O)O)c1,180,12,2,962,702,0000,0000
DOKHOB_clean,2,2,2,1,0,0,6,6,0,0,10,0,0,0,Cu,2,c1cc(-c2ccncc2)ccn1,Cc1c(C(=O)O)c(C)c(C(=O)O)c(C)c1C(=O)O,180,12,2,962,702,0000,0000
AZAVOO_clean,2,2,2,0,0,0,6,0,0,0,0,0,0,0,Mg,1,O=C(O)c1ccc(-c2c(-c3ccc(C(=O)O)cc3)c(-c3ccc(C(=O)O)cc3)c(-c3ccc(C(=O)O)cc3)c(-c3ccc(C(=O)O)cc3)c2-c2ccc(C(=O)O)cc2)cc1,O=C(O)c1ccc(-c2c(-c3ccc(C(=O)O)cc3)c(-c3ccc(C(=O)O)cc3)c(-c3ccc(C(=O)O)cc3)c(-c3ccc(C(=O)O)cc3)c2-c2ccc(C(=O)O)cc2)cc1,180,24,2,962,12051,702,0000
AZAVUU_clean,2,2,2,1,0,0,6,6,0,0,10,0,0,0,Cu,1,O=C(O)c1ccc(-c2c(-c3ccc(C(=O)O)cc3)c(-c3ccc(C(=O)O)cc3)c(-c3ccc(C(=O)O)cc3)c(-c3ccc(C(=O)O)cc3)c2-c2ccc(C(=O)O)cc2)cc1,O=C(O)c1ccc(-c2c(-c3ccc(C(=O)O)cc3)c(-c3ccc(C(=O)O)cc3)c(-c3ccc(C(=O)O)cc3)c(-c3ccc(C(=O)O)cc3)c2-c2ccc(C(=O)O)cc2)cc1,180,24,2,962,6228,0000,0000
AZAWAB_clean,2,2,2,1,0,0,6,6,0,0,10,0,0,0,Cu,1,O=C(O)c1ccc(-c2c(-c3ccc(C(=O)O)cc3)c(-c3ccc(C(=O)O)cc3)c(-c3ccc(C(=O)O)cc3)c(-c3ccc(C(=O)O)cc3)c2-c2ccc(C(=O)O)cc2)cc1,O=C(O)c1ccc(-c2c(-c3ccc(C(=O)O)cc3)c(-c3ccc(C(=O)O)cc3)c(-c3ccc(C(=O)O)cc3)c(-c3ccc(C(=O)O)cc3)c2-c2ccc(C(=O)O)cc2)cc1,180,24,2,962,12051,0000,0000
GOXMEN_clean,2,2,2,2,0,0,6,6,0,0,7,0,0,0,Co,2,O=C(O)c1cc(N2CNc3ccccc32)cc(-n2ccnc2)c1,O=C(O)c1cc(-n2ccnc2)cc(-n2cnc3ccccc32)c1,180,24,2,962,0000,0000,14798
REYMOZ_clean,2,2,2,1,0,0,6,6,0,0,10,0,0,0,Cu,1,O=C(O)c1cc(C(=O)O)cc(C(=O)O)c1,O=C(O)c1cc(C(=O)O)cc(C(=O)O)c1,180,24,2,962,0000,0000,0000
RIFGAQ_clean,2,2,2,1,0,0,6,6,0,0,10,0,0,0,Cu,1,O=C(O)c1cc(C(=O)O)cc(C(=O)O)c1,O=C(O)c1cc(C(=O)O)cc(C(=O)O)c1,180,24,2,962,0000,0000,0000
PUWCOZ_clean,2,2,2,2,0,0,6,6,0,0,8,0,0,0,Ni,1,O=C(O)C12CC3(C(=O)O)CC(C(=O)O)(C1)CC(C(=O)O)(C2)C3,O=C(O)C12CC3(C(=O)O)CC(C(=O)O)(C1)CC(C(=O)O)(C2)C3,180,40,2,962,0000,0000,0000
WUCRUH_clean,2,2,2,2,0,0,6,6,0,0,6,0,0,0,Fe,1,O=C(O)c1cc(C(=O)O)cc(C(=O)O)c1,O=C(O)c1cc(C(=O)O)cc(C(=O)O)c1,180,48,2,962,0000,0000,14797
ASUKEE01_clean,2,2,2,1,0,0,6,6,0,0,10,0,0,0,Cu,1,c1cc(-c2ccncc2)ccn1,c1cc(-c2ccncc2)ccn1,180,72,1,962,0000,0000,0000
DOKHUH_clean,2,2,2,2,2,0,6,6,6,0,10,10,0,0,Cd,2,Cc1c(C(=O)O)c(C)c(C(=O)O)c(C)c1C(=O)O,c1cc(-c2ccncc2)ccn1,180,72,2,962,702,0000,0000
KEBDIG_charged,2,2,2,2,0,0,6,6,0,0,7,0,0,0,Co,1,O=C(O)c1cc(-n2cnc3ccccc32)cc(-n2cnc3ccccc32)c1,O=C(O)c1cc(-n2cnc3ccccc32)cc(-n2cnc3ccccc32)c1,180,72,2,962,702,0000,313
LEDCAA_clean,2,2,2,2,2,0,6,6,6,0,10,10,0,0,Cd,1,c1ccc(-c2n[nH]c(-c3ncn[nH]3)n2)nc1,c1ccc(-c2n[nH]c(-c3ncn[nH]3)n2)nc1,180,72,2,962,0000,0000,0000
NAGBUU_clean,2,2,2,2,0,0,6,6,0,0,7,0,0,0,Co,2,c1cc(-c2nnn[nH]2)ccn1,O=C(O)c1cc(C(=O)O)cc([N+](=O)[O-])c1,180,72,2,962,0000,0000,8471
NEKMUN_clean,2,2,2,2,0,0,6,6,0,0,7,0,0,0,Co,1,O=C(O)c1cc(Oc2ccccc2C(=O)O)cc(C(=O)O)c1,O=C(O)c1cc(Oc2ccccc2C(=O)O)cc(C(=O)O)c1,180,72,2,962,0000,0000,0000
POKGEC_clean,2,2,2,2,0,0,6,6,0,0,8,0,0,0,Ni,2,O=C(O)c1cc(C(=O)O)cc(C(=O)O)c1,c1cn(-c2ccc(-n3ccnc3)cc2)cn1,180,72,2,962,0000,0000,14798
REYPIW_clean,2,2,2,2,0,0,6,6,0,0,10,0,0,0,Zn,2,O=C(O)c1nn[nH]c1C(=O)O,c1cc(-c2ccncc2)ccn1,180,72,2,962,0000,0000,0000
UJEFOE01_clean,2,2,2,2,2,0,6,6,6,0,10,1,0,0,Y,1,O=C(O)c1ccc2cc(C(=O)O)ccc2c1,O=C(O)c1ccc2cc(C(=O)O)ccc2c1,180,72,3,962,0000,0000,313
WEGKIE_clean,2,2,2,1,0,0,6,6,0,0,10,0,0,0,Cu,1,O=C(O)c1cc(C(=O)O)cc(C(=O)O)c1,O=C(O)c1cc(C(=O)O)cc(C(=O)O)c1,180,72,2,962,0000,0000,0000
AQIQAU_clean,2,2,2,2,2,0,6,6,6,0,10,10,0,0,Cd,1,O=C(O)c1ccc(-c2cc(-c3ccncc3)cc(-c3ccc(C(=O)O)cc3)n2)cc1,O=C(O)c1ccc(-c2cc(-c3ccncc3)cc(-c3ccc(C(=O)O)cc3)n2)cc1,180,96,2,962,0000,0000,0000
DEGPEL_charged,2,2,2,1,0,0,6,6,0,0,10,0,0,0,Cu,1,c1nc[nH]n1,c1nc[nH]n1,180,120,2,962,0000,0000,0000
OXAMIK_clean,2,2,2,2,0,0,6,6,0,0,7,0,0,0,Co,1,O=P(O)(O)C(O)(Cn1ccnc1)P(=O)(O)O,O=P(O)(O)C(O)(Cn1ccnc1)P(=O)(O)O,180,120,2,962,0000,0000,14798
XIFLOP_clean,2,2,2,2,2,0,6,6,6,0,10,10,0,0,Cd,1,CC(C)c1nc(C(=O)O)c(C(=O)O)[nH]1,CC(C)c1nc(C(=O)O)c(C(=O)O)[nH]1,180,120,2,962,0000,0000,0000
NOQKUB_clean,2,2,2,2,0,0,6,6,0,0,7,0,0,0,Co,2,O=C(O)c1nc[nH]c1C(=O)O,c1cc(-c2ccc(-c3ccc(-c4ccncc4)cc3)cc2)ccn1,180,144,2,962,174,0000,0000
VUQLEZ_charged,2,2,2,2,2,2,6,6,6,6,10,10,0,7,Eu,1,O=S(=O)(O)O,O=S(=O)(O)O,180,144,3,6228,0000,0000,0000
ISUGIN_clean,2,2,2,2,2,2,6,6,6,6,10,10,1,0,Gd,1,O=C(O)C1C=CC=NC1=O,O=C(O)C1C=CC=NC1=O,180,168,3,962,0000,0000,0000
MALWUU_clean,2,2,2,2,2,0,6,6,6,0,10,10,0,0,Cd,1,O=C(O)c1cc(C(=O)O)c(C(=O)O)cc1C(=O)O,O=C(O)c1cc(C(=O)O)c(C(=O)O)cc1C(=O)O,180,168,2,962,0000,0000,0000
WURNOO_clean,2,2,2,1,0,0,6,6,0,0,10,0,0,0,Cu,1,O=C(O)c1ccc(-c2ccncc2)cc1,O=C(O)c1ccc(-c2ccncc2)cc1,180,312,2,962,0000,0000,0000
UCOCUM_neutral,2,2,2,1,0,0,6,6,0,0,10,0,0,0,Cu,1,O=C(O)c1cc(C(=O)O)cc(C(=O)O)c1,O=C(O)c1cc(C(=O)O)cc(C(=O)O)c1,200,16,2,962,0000,0000,0000
PENXUC_clean,2,2,2,2,0,0,6,6,0,0,3,0,0,0,V,1,O=P(O)(O)CCCP(=O)(O)O,O=P(O)(O)CCCP(=O)(O)O,200,48,3,962,0000,0000,0000
HAWREE_clean,2,2,2,2,0,0,6,6,0,0,5,0,0,0,Mn,1,O=C(O)c1ccc2nn[nH]c2c1,O=C(O)c1ccc2nn[nH]c2c1,200,72,2,6228,702,0000,0000
AXOHIE_clean,2,2,2,2,2,0,6,6,6,0,10,10,0,0,Cd,2,c1cc(-c2ccncc2)ccn1,O=C(O)c1ccc(-c2ccc(C(=O)O)cc2)cc1,200,96,2,962,0000,0000,0000
XUGWAZ_clean,2,2,2,2,2,2,6,6,6,6,10,10,0,10,Dy,1,O=S(=O)(O)c1ccc(-c2c3ccc(n3)c(-c3ccc(S(=O)(=O)O)cc3)c3ccc([nH]3)c(-c3ccc(S(=O)(=O)O)cc3)c3ccc(n3)c(-c3ccc(S(=O)(=O)O)cc3)c3ccc2[nH]3)cc1,O=S(=O)(O)c1ccc(-c2c3ccc(n3)c(-c3ccc(S(=O)(=O)O)cc3)c3ccc([nH]3)c(-c3ccc(S(=O)(=O)O)cc3)c3ccc(n3)c(-c3ccc(S(=O)(=O)O)cc3)c3ccc2[nH]3)cc1,200,240,3,962,0000,0000,0000
UTULUR_SL_part,2,2,2,2,2,0,6,6,6,1,10,10,0,0,In,1,O=C(O)c1cc(C(=O)O)c(C(=O)O)cc1C(=O)O,O=C(O)c1cc(C(=O)O)c(C(=O)O)cc1C(=O)O,210,24,3,962,0000,0000,0000
MAYJOM_clean,2,2,2,2,2,0,6,6,6,1,10,10,0,0,In,1,O=C(O)c1ccc(C(=O)O)cc1,O=C(O)c1ccc(C(=O)O)cc1,220,72,3,962,0000,0000,0000
PUWXAH_clean,2,2,2,2,0,0,6,6,0,0,5,0,0,0,Mn,1,O=C(O)c1cc(C(=O)O)cc(C(=O)O)c1,O=C(O)c1cc(C(=O)O)cc(C(=O)O)c1,220,72,2,962,0000,0000,14798
ADASEF_clean,2,2,2,1,0,0,6,6,0,0,10,0,0,0,Cu,1,O=C(O)c1cc(C(=O)O)cc(-c2ccc(-c3nnn[nH]3)cc2)c1,O=C(O)c1cc(C(=O)O)cc(-c2ccc(-c3nnn[nH]3)cc2)c1,75,40,2,6228,0000,0000,0000
AVUDAX_clean,2,2,2,1,0,0,6,6,0,0,10,0,0,0,Cu,1,c1ncn(Cc2cc(Cn3cncn3)cc(Cn3cncn3)c2)n1,c1ncn(Cc2cc(Cn3cncn3)cc(Cn3cncn3)c2)n1,25,672,2,887,962,0000,0000
BAHGUN02_clean,2,2,2,1,0,0,6,6,0,0,10,0,0,0,Cu,1,O=C(O)c1ccncc1,O=C(O)c1ccncc1,180,72,2,962,0000,0000,0000
BEXVEH_clean,2,2,2,1,0,0,6,6,0,0,10,0,0,0,Cu,2,O=C(O)c1cc(COc2cc(C(=O)O)cc(C(=O)O)c2)cc(C(=O)O)c1,O=C(O)c1cc(CCc2cc(C(=O)O)cc(C(=O)O)c2)cc(C(=O)O)c1,80,48,2,31374,962,0000,944
BOWNUY_clean,2,2,2,1,0,0,6,6,0,0,10,0,0,0,Cu,1,c1c(-c2nn[nH]n2)cc(-c2nnn[nH]2)cc1-c1nnn[nH]1,c1c(-c2nn[nH]n2)cc(-c2nnn[nH]2)cc1-c1nnn[nH]1,85,48,2,6228,0000,0000,944
BUQWER_clean,2,2,2,1,0,0,6,6,0,0,10,0,0,0,Cu,1,O=C(O)c1cccnc1,O=C(O)c1cccnc1,25,336,2,6228,0000,0000,313
CUGVUX_clean,2,2,2,1,0,0,6,6,0,0,10,0,0,0,Cu,2,O=C(O)c1cc(C(=O)O)cc(C(=O)O)c1,O=C(Nc1cccnc1)c1cnccn1,120,96,1,962,0000,0000,14798
DANROC_clean,2,2,2,1,0,0,6,6,0,0,10,0,0,0,Cu,2,O=C(O)CC(CC(=O)O)CC(=O)O,c1ccc(-c2ccccn2)nc1,25,168,2,6228,962,0000,8471
DARBUU_clean,2,2,2,1,0,0,6,6,0,0,10,0,0,0,Cu,1,C#N,C#N,120,72,1,8028,0000,0000,0000
DEJCIF_clean,2,2,2,1,0,0,6,6,0,0,10,0,0,0,Cu,1,O=C(O)c1ccncc1C(=O)O,O=C(O)c1ccncc1C(=O)O,85,12,2,6228,702,0000,0000
DITYEM_clean,2,2,2,1,0,0,6,6,0,0,10,0,0,0,Cu,2,c1cc(-c2n[nH]c(-c3ccncc3)n2)ccn1,C#N,160,72,1,962,0000,0000,0000
EBATUZ_clean,2,2,2,1,0,0,6,6,0,0,10,0,0,0,Cu,1,O=C(O)c1cc(C(=O)O)cc(C2=Cc3cc4c(cc3=C2)C=C(c2cc(C(=O)O)cc(C(=O)O)c2)C=4)c1,O=C(O)c1cc(C(=O)O)cc(C2=Cc3cc4c(cc3=C2)C=C(c2cc(C(=O)O)cc(C(=O)O)c2)C=4)c1,85,24,2,6228,0000,0000,28118
EBAVAH_auto,2,2,2,1,0,0,6,6,0,0,10,0,0,0,Cu,1,O=C(O)c1cc(C#Cc2ccc(C#Cc3cc(C(=O)O)cc(C(=O)O)c3)c3nsnc23)cc(C(=O)O)c1,O=C(O)c1cc(C#Cc2ccc(C#Cc3cc(C(=O)O)cc(C(=O)O)c3)c3nsnc23)cc(C(=O)O)c1,85,24,2,6228,0000,0000,28118
EJOQUR_clean,2,2,2,1,0,0,6,6,0,0,10,0,0,0,Cu,1,O=C(O)c1cc(Oc2cccc(C(=O)O)c2C(=O)O)cc(C(=O)O)c1,O=C(O)c1cc(Oc2cccc(C(=O)O)c2C(=O)O)cc(C(=O)O)c1,85,16,2,6228,962,0000,0000
ENESOH_clean,2,2,2,1,0,0,6,6,0,0,10,0,0,0,Cu,1,O=C(Cn1cnnn1)Nc1cccnc1,O=C(Cn1cnnn1)Nc1cccnc1,85,96,2,962,887,0000,0000
EPOTAF_clean,2,2,2,1,0,0,6,6,0,0,10,0,0,0,Cu,1,O=C(O)c1ccc(OCC(COc2ccc(C(=O)O)cc2)(COc2ccc(C(=O)O)cc2)COc2ccc(C(=O)O)cc2)cc1,O=C(O)c1ccc(OCC(COc2ccc(C(=O)O)cc2)(COc2ccc(C(=O)O)cc2)COc2ccc(C(=O)O)cc2)cc1,80,24,2,6228,31275,887,313
EXOZIB_clean,2,2,2,1,0,0,6,6,0,0,10,0,0,0,Cu,1,O=C(O)CCn1c(=O)n(CCC(=O)O)c(=O)n(CCC(=O)O)c1=O,O=C(O)CCn1c(=O)n(CCC(=O)O)c(=O)n(CCC(=O)O)c1=O,25,504,2,962,887,0000,10942334
FECXES_clean,2,2,2,1,0,0,6,6,0,0,10,0,0,0,Cu,1,O=C(O)c1cc(OCC(COc2cc(C(=O)O)cc(C(=O)O)c2)(COc2cc(C(=O)O)cc(C(=O)O)c2)COc2cc(C(=O)O)cc(C(=O)O)c2)cc(C(=O)O)c1,O=C(O)c1cc(OCC(COc2cc(C(=O)O)cc(C(=O)O)c2)(COc2cc(C(=O)O)cc(C(=O)O)c2)COc2cc(C(=O)O)cc(C(=O)O)c2)cc(C(=O)O)c1,100,72,2,962,702,0000,944
GAWMAU_clean,2,2,2,1,0,0,6,6,0,0,10,0,0,0,Cu,1,O=C(O)CN(CC(=O)O)c1nc(N(CC(=O)O)CC(=O)O)nc(N(CC(=O)O)CC(=O)O)n1,O=C(O)CN(CC(=O)O)c1nc(N(CC(=O)O)CC(=O)O)nc(N(CC(=O)O)CC(=O)O)n1,25,168,1,962,0000,0000,3301
GEWXAJ_clean,2,2,2,1,0,0,6,6,0,0,10,0,0,0,Cu,2,Nn1cnnc1,O=C(O)c1cccc(C(=O)O)c1,120,72,2,962,0000,0000,14798
GIXMUX_clean,2,2,2,1,0,0,6,6,0,0,10,0,0,0,Cu,2,C(=Cc1ccncc1)c1ccncc1,O=C(O)CC(O)C(=O)O,100,24,2,962,887,0000,0000
GUJREK_clean,2,2,2,1,0,0,6,6,0,0,10,0,0,0,Cu,1,Cc1nnc(-c2ccc(-c3nnc(C)n3-c3cccc(C(=O)O)c3)s2)n1-c1cccc(C(=O)O)c1,Cc1nnc(-c2ccc(-c3nnc(C)n3-c3cccc(C(=O)O)c3)s2)n1-c1cccc(C(=O)O)c1,140,5,2,962,6342,0000,0000
HAWZEM_clean,2,2,2,1,0,0,6,6,0,0,10,0,0,0,Cu,1,O=C(O)c1ccncc1,O=C(O)c1ccncc1,120,120,2,6228,0000,0000,0000
IDAGEA_charged,2,2,2,1,0,0,6,6,0,0,10,0,0,0,Cu,2,NC(Cc1ccccc1)C(=O)O,c1cc(-c2ccncc2)ccn1,25,252,2,962,702,0000,14798
JUTCIM_clean,2,2,2,1,0,0,6,6,0,0,10,0,0,0,Cu,1,O=C(O)c1cc([N+](=O)[O-])c(-c2c([N+](=O)[O-])cc(C(=O)O)cc2[N+](=O)[O-])c([N+](=O)[O-])c1,O=C(O)c1cc([N+](=O)[O-])c(-c2c([N+](=O)[O-])cc(C(=O)O)cc2[N+](=O)[O-])c([N+](=O)[O-])c1,85,24,2,31374,702,962,174
KADLOT_clean,2,2,2,1,0,0,6,6,0,0,10,0,0,0,Cu,1,O=C(O)c1ccc(-c2cncnc2)cc1,O=C(O)c1ccc(-c2cncnc2)cc1,85,48,2,6228,6342,0000,0000
KOMFUO_clean,2,2,2,1,0,0,6,6,0,0,10,0,0,0,Cu,1,c1nncn1-n1cnnc1,c1nncn1-n1cnnc1,25,252,2,962,0000,0000,0000
LABJUV_clean,2,2,2,1,0,0,6,6,0,0,10,0,0,0,Cu,1,c1cc(-c2cc(-c3ccncc3)c(-c3ccncc3)cc2-c2ccncc2)ccn1,c1cc(-c2cc(-c3ccncc3)c(-c3ccncc3)cc2-c2ccncc2)ccn1,175,72,1,6342,0000,0000,0000
LAGHIL_clean,2,2,2,1,0,0,6,6,0,0,10,0,0,0,Cu,1,O=C(O)c1cccnc1,O=C(O)c1cccnc1,65,6,2,887,0000,0000,0000
LEVDIB_clean,2,2,2,1,0,0,6,6,0,0,10,0,0,0,Cu,1,O=C(O)c1cc(C(=O)O)cc(-c2cc(O)c(-c3c(O)cc(-c4cc(C(=O)O)cc(C(=O)O)c4)c4cc(Cl)ccc34)c3ccc(Cl)cc23)c1,O=C(O)c1cc(C(=O)O)cc(-c2cc(O)c(-c3c(O)cc(-c4cc(C(=O)O)cc(C(=O)O)c4)c4cc(Cl)ccc34)c3ccc(Cl)cc23)c1,90,48,2,6228,702,962,313
LIKDOA_clean,2,2,2,1,0,0,6,6,0,0,10,0,0,0,Cu,1,O=C(O)C1=CC2=CC(C(=O)O)C=C3C=C(C(=O)O)CC(=C1)C23,O=C(O)C1=CC2=CC(C(=O)O)C=C3C=C(C(=O)O)CC(=C1)C23,65,48,2,6228,962,0000,313
MAQBIS_clean,2,2,2,1,0,0,6,6,0,0,10,0,0,0,Cu,1,COc1cc(C(=O)O)cc(OC)c1-c1c(OC)cc(C(=O)O)cc1OC,COc1cc(C(=O)O)cc(OC)c1-c1c(OC)cc(C(=O)O)cc1OC,70,24,2,6228,962,0000,0000
MEHMET_clean,2,2,2,1,0,0,6,6,0,0,10,0,0,0,Cu,1,O=C(O)c1cc(C#CC#Cc2cc(C#CC#Cc3cc(C(=O)O)cc(C(=O)O)c3)cc(C#CC#Cc3cc(C(=O)O)cc(C(=O)O)c3)c2)cc(C(=O)O)c1,O=C(O)c1cc(C#CC#Cc2cc(C#CC#Cc3cc(C(=O)O)cc(C(=O)O)c3)cc(C#CC#Cc3cc(C(=O)O)cc(C(=O)O)c3)c2)cc(C(=O)O)c1,80,48,2,6228,702,0000,313
MUNDAC_clean,2,2,2,1,0,0,6,6,0,0,10,0,0,0,Cu,1,O=C(O)c1cncc(C(=O)O)c1,O=C(O)c1cncc(C(=O)O)c1,85,48,1,6228,0000,0000,944
MUNDOQ_clean,2,2,2,1,0,0,6,6,0,0,10,0,0,0,Cu,1,O=C(O)c1ccc(-c2cncc(C(=O)O)c2)cc1,O=C(O)c1ccc(-c2cncc(C(=O)O)c2)cc1,85,12,1,6228,0000,0000,28118
OWIZAW_clean,2,2,2,1,0,0,6,6,0,0,10,0,0,0,Cu,1,O=C(O)c1ccc(C#Cc2ccc(C(c3ccc(C#Cc4ccc(C(=O)O)cc4)cc3)(c3ccc(C#Cc4ccc(C(=O)O)cc4)cc3)c3ccc(C#Cc4ccc(C(=O)O)cc4)cc3)cc2)cc1,O=C(O)c1ccc(C#Cc2ccc(C(c3ccc(C#Cc4ccc(C(=O)O)cc4)cc3)(c3ccc(C#Cc4ccc(C(=O)O)cc4)cc3)c3ccc(C#Cc4ccc(C(=O)O)cc4)cc3)cc2)cc1,80,48,2,12051,962,0000,313
OYIVIC_clean,2,2,2,1,0,0,6,6,0,0,10,0,0,0,Cu,1,O=C(O)c1ccc(-c2nn[nH]n2)cc1,O=C(O)c1ccc(-c2nn[nH]n2)cc1,90,72,2,6228,702,0000,0000
PEWLUA_clean,2,2,2,1,0,0,6,6,0,0,10,0,0,0,Cu,1,O=C(O)c1cc(C(=O)O)cc(-n2cc(-c3cc(-c4cn(-c5cc(C(=O)O)cc(C(=O)O)c5)nn4)cc(-c4cn(-c5cc(C(=O)O)cc(C(=O)O)c5)nn4)c3)nn2)c1,O=C(O)c1cc(C(=O)O)cc(-n2cc(-c3cc(-c4cn(-c5cc(C(=O)O)cc(C(=O)O)c5)nn4)cc(-c4cn(-c5cc(C(=O)O)cc(C(=O)O)c5)nn4)c3)nn2)c1,85,18,2,6228,962,0000,313
PODKUQ_clean,2,2,2,1,0,0,6,6,0,0,10,0,0,0,Cu,1,O=C(O)c1cc(C(=O)O)cc(-n2cc(-c3ccc(-c4cc(-c5ccc(-c6cn(-c7cc(C(=O)O)cc(C(=O)O)c7)nn6)cc5)cc(-c5ccc(-c6cn(-c7cc(C(=O)O)cc(C(=O)O)c7)nn6)cc5)c4)cc3)nn2)c1,O=C(O)c1cc(C(=O)O)cc(-n2cc(-c3ccc(-c4cc(-c5ccc(-c6cn(-c7cc(C(=O)O)cc(C(=O)O)c7)nn6)cc5)cc(-c5ccc(-c6cn(-c7cc(C(=O)O)cc(C(=O)O)c7)nn6)cc5)c4)cc3)nn2)c1,80,24,2,6228,0000,0000,28118
QEPZOB_clean,2,2,2,1,0,0,6,6,0,0,10,0,0,0,Cu,1,Cc1c(-c2ccncc2)c(C)c(-c2c(C)c(-c3ccncc3)c(C)c(-c3ccncc3)c2C)c(C)c1-c1ccncc1,Cc1c(-c2ccncc2)c(C)c(-c2c(C)c(-c3ccncc3)c(C)c(-c3ccncc3)c2C)c(C)c1-c1ccncc1,25,240,2,887,0000,0000,0000
QIWCOQ_clean,2,2,2,1,0,0,6,6,0,0,10,0,0,0,Cu,1,O=C(O)c1ccc(-c2cnn(C(C(n3cc(-c4ccc(C(=O)O)cc4)cn3)n3cc(-c4ccc(C(=O)O)cc4)cn3)n3cc(-c4ccc(C(=O)O)cc4)cn3)c2)cc1,O=C(O)c1ccc(-c2cnn(C(C(n3cc(-c4ccc(C(=O)O)cc4)cn3)n3cc(-c4ccc(C(=O)O)cc4)cn3)n3cc(-c4ccc(C(=O)O)cc4)cn3)c2)cc1,100,48,2,6228,962,0000,176
RAZGOQ_clean,2,2,2,1,0,0,6,6,0,0,10,0,0,0,Cu,1,O=C(O)C1C(C(=O)O)C(C(=O)O)C1C(=O)O,O=C(O)C1C(C(=O)O)C(C(=O)O)C1C(=O)O,25,252,1,962,0000,0000,14797
RONWIA_clean,2,2,2,1,0,0,6,6,0,0,10,0,0,0,Cu,1,C#N,C#N,5,252,1,962,0000,0000,311
SEYNAM_clean,2,2,2,1,0,0,6,6,0,0,10,0,0,0,Cu,1,O=C(O)CC(=O)O,O=C(O)CC(=O)O,25,252,2,962,887,0000,0000
TAPKAY_clean,2,2,2,1,0,0,6,6,0,0,10,0,0,0,Cu,1,O=P(O)(O)C(O)(Cc1cccnc1)P(=O)(O)O,O=P(O)(O)C(O)(Cc1cccnc1)P(=O)(O)O,160,120,2,962,0000,0000,0000
TEJQAC_clean,2,2,2,1,0,0,6,6,0,0,10,0,0,0,Cu,2,O=C(O)c1cccc(C(=O)O)c1,c1ccc(-c2cc(-c3ccc(-n4cncn4)cc3)cc(-c3ccccn3)n2)nc1,160,72,2,962,0000,0000,14798
VETMIS_clean,2,2,2,1,0,0,6,6,0,0,10,0,0,0,Cu,1,O=C(O)c1ccc2cc(N(c3ccc(-c4cc(-c5ccc(N(c6ccc7cc(C(=O)O)ccc7c6)c6ccc7cc(C(=O)O)ccc7c6)cc5)cc(-c5ccc(N(c6ccc7cc(C(=O)O)ccc7c6)c6ccc7cc(C(=O)O)ccc7c6)cc5)c4)cc3)c3ccc4cc(C(=O)O)ccc4c3)ccc2c1,O=C(O)c1ccc2cc(N(c3ccc(-c4cc(-c5ccc(N(c6ccc7cc(C(=O)O)ccc7c6)c6ccc7cc(C(=O)O)ccc7c6)cc5)cc(-c5ccc(N(c6ccc7cc(C(=O)O)ccc7c6)c6ccc7cc(C(=O)O)ccc7c6)cc5)c4)cc3)c3ccc4cc(C(=O)O)ccc4c3)ccc2c1,85,72,1,31374,0000,0000,28118
VOFFED_clean,2,2,2,1,0,0,6,6,0,0,10,0,0,0,Cu,2,c1cc(CCCc2ccncc2)ccn1,O=C(O)c1cc(C(=O)O)cc(S(=O)(=O)O)c1,90,24,2,962,0000,0000,0000
DEJCEB_clean,2,2,2,2,0,0,6,6,0,0,10,0,0,0,Zn,1,O=C(O)c1ccncc1C(=O)O,O=C(O)c1ccncc1C(=O)O,85,12,2,702,6228,0000,0000
AJINOY_clean,2,2,2,1,0,0,6,6,0,0,10,0,0,0,Cu,2,O=C(O)C=Cc1ccccc1C(=O)O,O=C(c1ccncc1)N1CCN(C(=O)c2ccncc2)CC1,85,24,2,962,0000,0000,14798
FATQID_clean,2,2,2,1,0,0,6,6,0,0,10,0,0,0,Cu,1,O=C(O)c1ccc(-c2cncc(-c3ccc(C(=O)O)cc3)c2)cc1,O=C(O)c1ccc(-c2cncc(-c3ccc(C(=O)O)cc3)c2)cc1,85,24,2,6228,0000,0000,944
NAWXER_clean,2,2,2,2,0,0,6,6,0,0,10,0,0,0,Zn,1,O=C(O)c1ccc(-c2nc(-c3ccc(C(=O)O)cc3)c(-c3ccc(C(=O)O)cc3)nc2-c2ccc(C(=O)O)cc2)cc1,O=C(O)c1ccc(-c2nc(-c3ccc(C(=O)O)cc3)c(-c3ccc(C(=O)O)cc3)nc2-c2ccc(C(=O)O)cc2)cc1,85,24,2,6228,702,0000,944
GAHWIX_clean,2,2,2,2,0,0,6,6,0,0,10,0,0,0,Zn,1,O=C(O)c1ccc(NC(=O)c2cc(C(=O)Nc3ccc(C(=O)O)cc3)cc(C(=O)Nc3ccc(C(=O)O)cc3)c2)cc1,O=C(O)c1ccc(NC(=O)c2cc(C(=O)Nc3ccc(C(=O)O)cc3)cc(C(=O)Nc3ccc(C(=O)O)cc3)c2)cc1,95,24,2,6228,0000,0000,0000
LUPYAX_clean,2,2,2,2,0,0,6,6,0,0,10,0,0,0,Zn,1,O=C(O)c1cc(Cl)c(C(=O)O)cc1Cl,O=C(O)c1cc(Cl)c(C(=O)O)cc1Cl,100,24,2,6228,0000,0000,0000
CAGSAG_clean,2,2,2,2,0,0,6,6,0,0,10,0,0,0,Zn,1,O=C(O)c1ccc2cc(C(=O)O)ccc2c1,O=C(O)c1ccc2cc(C(=O)O)ccc2c1,120,24,2,6228,0000,0000,0000
GUCHUJ_clean,2,2,2,1,0,0,6,6,0,0,10,0,0,0,Cu,1,O=C(O)c1cc(C(=O)O)c(C(=O)O)cc1C(=O)O,O=C(O)c1cc(C(=O)O)c(C(=O)O)cc1C(=O)O,150,24,2,962,0000,0000,14798
KIDVIE_clean,2,2,2,2,2,2,6 ,6,6,6,10,10,1,0,La,1,O=C(O)C(=O)O,O=C(O)C(=O)O,160,24,3,962,0000,0000,0000
QAKFIU_clean,2,2,2,2,0,0,6,6,0,0,10,0,0,0,Zn,1,O=C(O)c1cc(C(=O)O)cc(N2C=CC(c3ccncc3)C=C2)c1,O=C(O)c1cc(C(=O)O)cc(N2C=CC(c3ccncc3)C=C2)c1,80,36,2,962,6228,0000,944
FIJCUX01_clean,2,2,2,2,0,0,6,6,0,0,10,0,0,0,Zn,1,O=C(O)c1ccc(C(=O)O)cc1,O=C(O)c1ccc(C(=O)O)cc1,100,40,2,12051,0000,0000,0000
KIJRUS_clean,2,2,2,1,0,0,6,6,0,0,10,0,0,0,Cu,1,O=C(O)c1ccc(-c2cc(-c3ccc(C(=O)O)cc3)cc(-c3cc(-c4ccc(C(=O)O)cc4)cc(-c4ccc(C(=O)O)cc4)c3)c2)cc1,O=C(O)c1ccc(-c2cc(-c3ccc(C(=O)O)cc3)cc(-c3cc(-c4ccc(C(=O)O)cc4)cc(-c4ccc(C(=O)O)cc4)c3)c2)cc1,60,48,2,962,6228,0000,313
MOYYEF_clean,2,2,2,1,0,0,6,6,0,0,10,0,0,0,Cu,1,O=C(O)c1ccc(-c2cccc(C(=O)O)c2)cc1,O=C(O)c1ccc(-c2cccc(C(=O)O)c2)cc1,60,48,2,962,6228,702,0000
FAGREM_clean,2,2,2,2,0,0,6,6,0,0,10,0,0,0,Zn,1,O=C(O)c1ccc(C(=O)O)c(C(=O)O)c1,O=C(O)c1ccc(C(=O)O)c(C(=O)O)c1,65,48,2,962,12051,702,0000
ONIXOZ_clean,2,2,2,1,0,0,6,6,0,0,10,0,0,0,Cu,1,O=C(O)c1cc(C(=O)O)cc(-c2cc(-c3cc(C(=O)O)cc(C(=O)O)c3)cc(-c3cc(C(=O)O)cc(C(=O)O)c3)c2)c1,O=C(O)c1cc(C(=O)O)cc(-c2cc(-c3cc(C(=O)O)cc(C(=O)O)c3)cc(-c3cc(C(=O)O)cc(C(=O)O)c3)c2)c1,65,48,2,6228,0000,0000,28118
LUSYEF_clean,2,2,2,1,0,0,6,6,0,0,10,0,0,0,Cu,1,O=C(O)c1cc(C(=O)O)cc(-c2cccc3c(-c4cc(C(=O)O)cc(C(=O)O)c4)cccc23)c1,O=C(O)c1cc(C(=O)O)cc(-c2cccc3c(-c4cc(C(=O)O)cc(C(=O)O)c4)cccc23)c1,70,48,2,962,6228,0000,944
PELRIJ_clean,2,2,2,1,0,0,6,6,0,0,10,0,0,0,Cu,1,O=C(O)c1ccc(NC(=O)c2cc(C(=O)Nc3ccc(C(=O)O)cc3)cc(C(=O)Nc3ccc(C(=O)O)cc3)c2)cc1,O=C(O)c1ccc(NC(=O)c2cc(C(=O)Nc3ccc(C(=O)O)cc3)cc(C(=O)Nc3ccc(C(=O)O)cc3)c2)cc1,70,48,2,,0000,0000,944
NUBPIL_clean,2,2,2,1,0,0,6,6,0,0,10,0,0,0,Cu,1,O=C(O)c1cc(C(=O)O)cc(-n2ccnc2)c1,O=C(O)c1cc(C(=O)O)cc(-n2ccnc2)c1,80,48,2,962,6228,0000,0000
PEZCII_clean,2,2,2,2,2,2,6 ,6,6,6,10,10,1,0,La,1,O=C(O)c1ccc(-c2cc(-c3ccc(C(=O)O)cc3)cc(-c3ccc(C(=O)O)cc3)c2)cc1,O=C(O)c1ccc(-c2cc(-c3ccc(C(=O)O)cc3)cc(-c3ccc(C(=O)O)cc3)c2)cc1,80,48,3,962,6228,887,0000
IGINIX_clean,2,2,2,2,0,0,6,6,0,0,10,0,0,0,Zn,1,O=C(O)c1ccc(C(=O)O)nc1,O=C(O)c1ccc(C(=O)O)nc1,100,48,2,6228,0000,0000,0000
IZEWAN_clean,2,2,2,2,0,0,6,6,0,0,10,0,0,0,Zn,1,O=C(O)c1cc(-c2cc(-c3ccc(O)c(C(=O)O)c3)cc(-c3ccc(O)c(C(=O)O)c3)c2)ccc1O,O=C(O)c1cc(-c2cc(-c3ccc(O)c(C(=O)O)c3)cc(-c3ccc(O)c(C(=O)O)c3)c2)ccc1O,100,48,2,962,31275,0000,0000
MUVLUM_clean,2,2,2,2,0,0,6,6,0,0,10,0,0,0,Zn,2,O=C(O)c1cc(S(=O)(=O)O)c2cc(C(=O)O)cc(S(=O)(=O)O)c2c1,c1cc(-c2ccncc2)ccn1,100,48,2,6228,0000,0000,28118
MAQRAA_clean,2,2,2,1,0,0,6,6,0,0,10,0,0,0,Cu,1,O=C(O)c1ccc(C(=O)O)s1,O=C(O)c1ccc(C(=O)O)s1,110,48,2,31374,0000,0000,0000
MUZHUL_charged,2,2,2,2,0,0,6,6,0,0,10,0,0,0,Zn,1,O=C(O)c1cc(C(=O)O)c(C(=O)O)cc1C(=O)O,O=C(O)c1cc(C(=O)O)c(C(=O)O)cc1C(=O)O,110,48,2,6228,0000,0000,0000
LUMZEA_clean,2,2,2,1,0,0,6,6,0,0,10,0,0,0,Cu,2,O=C(O)CC(O)C(=O)O,c1nnc[nH]1,120,50,2,962,0000,0000,0000
HOXSIY_clean,2,2,2,2,0,0,6,6,0,0,10,0,0,0,Zn,1,O=C(O)c1ccc(-c2cc(C(=O)O)cc(C(=O)O)c2)cc1,O=C(O)c1ccc(-c2cc(C(=O)O)cc(C(=O)O)c2)cc1,100,60,2,962,31374,0000,0000
DITTEH_clean,2,2,2,2,0,0,6,6,0,0,10,0,0,0,Zn,1,O=C(O)c1ccc(-c2cc(C(=O)O)cc(C(=O)O)c2)cc1,O=C(O)c1ccc(-c2cc(C(=O)O)cc(C(=O)O)c2)cc1,110,60,2,6228,0000,0000,0000
GEGDED_clean,2,2,2,1,0,0,6,6,0,0,10,0,0,0,Cu,1,O=C(O)c1cc(OCC(COc2cc(C(=O)O)cc(C(=O)O)c2)(COc2cc(C(=O)O)cc(C(=O)O)c2)COc2cc(C(=O)O)cc(C(=O)O)c2)cc(C(=O)O)c1,O=C(O)c1cc(OCC(COc2cc(C(=O)O)cc(C(=O)O)c2)(COc2cc(C(=O)O)cc(C(=O)O)c2)COc2cc(C(=O)O)cc(C(=O)O)c2)cc(C(=O)O)c1,60,72,2,6228,0000,0000,28118
ODUNEH_clean,2,2,2,2,0,0,6,6,0,0,10,0,0,0,Zn,1,O=C(O)c1ccc(-c2ccc(C(=O)O)cc2)cc1,O=C(O)c1ccc(-c2ccc(C(=O)O)cc2)cc1,60,72,2,6228,702,0000,0000
DICKEH_clean,2,2,2,1,0,0,6,6,0,0,10,0,0,0,Cu,1,O=C(O)c1cc(C#Cc2ccc(C#Cc3cc(C(=O)O)cc(C(=O)O)c3)cc2)cc(C(=O)O)c1,O=C(O)c1cc(C#Cc2ccc(C#Cc3cc(C(=O)O)cc(C(=O)O)c3)cc2)cc(C(=O)O)c1,65,72,2,962,6228,0000,28118
HULCOI_clean,2,2,2,1,0,0,6,6,0,0,10,0,0,0,Cu,1,O=C(Nc1cc(NC(=O)Nc2cc(C(=O)O)cc(C(=O)O)c2)cc(NC(=O)Nc2cc(C(=O)O)cc(C(=O)O)c2)c1)Nc1cc(C(=O)O)cc(C(=O)O)c1,O=C(Nc1cc(NC(=O)Nc2cc(C(=O)O)cc(C(=O)O)c2)cc(NC(=O)Nc2cc(C(=O)O)cc(C(=O)O)c2)c1)Nc1cc(C(=O)O)cc(C(=O)O)c1,75,72,2,6228,0000,0000,944
IZEBAR_clean,2,2,2,2,2,2,6,6,6,6,10,10,0,9,Tb,1,O=C(O)c1ccc(C#Cc2cc(C(=O)O)cc(C(=O)O)c2)cc1,O=C(O)c1ccc(C#Cc2cc(C(=O)O)cc(C(=O)O)c2)cc1,80,72,3,6228,702,0000,0000
LADHEF_clean,2,2,2,2,0,0,6,6,0,0,10,0,0,0,Zn,2,c1nnc[nH]1,O=C(O)c1ccc(C(=O)O)c(C(=O)O)c1,80,72,2,962,6228,0000,10340
ODEZAB_clean,2,2,2,1,0,0,6,6,0,0,10,0,0,0,Cu,1,COc1ccc2c(-c3cc(C(=O)O)cc(C(=O)O)c3)c(OC)ccc2c1-c1cc(C(=O)O)cc(C(=O)O)c1,COc1ccc2c(-c3cc(C(=O)O)cc(C(=O)O)c3)c(OC)ccc2c1-c1cc(C(=O)O)cc(C(=O)O)c1,80,72,2,962,6228,0000,313
PORVID_clean,2,2,2,1,0,0,6,6,0,0,10,0,0,0,Cu,1,O=C(O)c1cc(C(=O)O)c(C(=O)O)cc1C(=O)O,O=C(O)c1cc(C(=O)O)c(C(=O)O)cc1C(=O)O,80,72,2,962,0000,0000,944
AVEQID_clean,2,2,2,2,0,0,6,6,0,0,10,0,0,0,Zn,1,Nc1c(-c2cc(C(=O)O)cc(C(=O)O)c2)cc(-c2cc(-c3cc(C(=O)O)cc(C(=O)O)c3)c(N)c(-c3cc(C(=O)O)cc(C(=O)O)c3)c2)cc1-c1cc(C(=O)O)cc(C(=O)O)c1,Nc1c(-c2cc(C(=O)O)cc(C(=O)O)c2)cc(-c2cc(-c3cc(C(=O)O)cc(C(=O)O)c3)c(N)c(-c3cc(C(=O)O)cc(C(=O)O)c3)c2)cc1-c1cc(C(=O)O)cc(C(=O)O)c1,85,72,2,962,31374,0000,0000
MAYKOO_clean,2,2,2,1,0,0,6,6,0,0,10,0,0,0,Cu,1,O=C(O)c1ccc(-c2cc(C(=O)O)cc(-c3ccc(C(=O)O)cc3)c2)cc1,O=C(O)c1ccc(-c2cc(C(=O)O)cc(-c3ccc(C(=O)O)cc3)c2)cc1,85,72,2,962,31275,6228,313
FABGOG_clean,2,2,2,1,0,0,6,6,0,0,10,0,0,0,Cu,1,O=C(O)C=Cc1cnc[nH]1,O=C(O)C=Cc1cnc[nH]1,90,72,2,962,887,0000,0000
HAFSOZ_clean,2,2,2,2,0,0,6,6,0,0,10,0,0,0,Zn,1,O=C(O)c1cc(C(=O)O)c(O)c(C(=O)O)c1,O=C(O)c1cc(C(=O)O)c(O)c(C(=O)O)c1,95,72,2,962,31374,0000,0000
KIDDOS_clean,2,2,2,2,0,0,6,6,0,0,10,0,0,0,Zn,2,C1N2CN3CN1CN(C2)C3,O=C(O)c1ccc(C(=O)O)s1,100,72,2,6228,0000,0000,0000
HOFSUS_clean,2,2,2,2,0,0,6,6,0,0,10,0,0,0,Zn,1,O=C(O)c1nc(-c2ccncc2)[nH]c1C(=O)O,O=C(O)c1nc(-c2ccncc2)[nH]c1C(=O)O,110,72,2,962,0000,0000,0000
LUZJAT_clean,2,2,2,2,0,0,6,6,0,0,10,0,0,0,Zn,1,O=C(O)c1cc(C(=O)O)cc(C(=O)O)c1,O=C(O)c1cc(C(=O)O)cc(C(=O)O)c1,110,72,2,6228,0000,0000,944
GAWJEV_clean,2,2,2,2,0,0,6,6,0,0,10,0,0,0,Zn,1,O=C(O)c1ccc(C(=O)O)c(-c2cc(C(=O)O)ccc2C(=O)O)c1,O=C(O)c1ccc(C(=O)O)c(-c2cc(C(=O)O)ccc2C(=O)O)c1,120,72,2,962,702,0000,0000
KUZZAI_clean,2,2,2,2,0,0,6,6,0,0,10,0,0,0,Zn,2,O=C(O)c1ccc(-c2cc(-c3ccncc3)cc(-c3ccc(C(=O)O)cc3)n2)cc1,Nc1nnn[nH]1,120,72,2,31374,31254,0000,28118
NIYZIG_clean,2,2,2,2,0,0,6,6,0,0,10,0,0,0,Zn,1,O=C(O)c1ccc(P(=O)(c2ccc(C(=O)O)cc2)c2ccc(C(=O)O)cc2)cc1,O=C(O)c1ccc(P(=O)(c2ccc(C(=O)O)cc2)c2ccc(C(=O)O)cc2)cc1,120,72,2,962,12051,702,0000
HAMLIT_clean,2,2,2,2,0,0,6,6,0,0,10,0,0,0,Zn,2,Nc1ncnc2nc[nH]c12,O=C(O)c1cc(C(=O)O)cc(-n2c(=O)c3ccc4c(=O)n(-c5cc(C(=O)O)cc(C(=O)O)c5)c(=O)c5ccc(c2=O)c3c45)c1,135,72,2,962,6228,0000,944
FIMXUW_clean,2,2,2,2,2,2,6 ,6,6,6,10,10,1,0,La,1,O=C(O)c1ccc(C(=O)O)c(C(=O)O)c1C(=O)O,O=C(O)c1ccc(C(=O)O)c(C(=O)O)c1C(=O)O,140,72,3,962,0000,0000,0000
GAWLIB_clean,2,2,2,2,2,2,6,6,6,6,10,10,0,9,Tb,1,O=C(O)c1ccc(C(c2ccc(C(=O)O)c(C(=O)O)c2)(C(F)(F)F)C(F)(F)F)cc1C(=O)O,O=C(O)c1ccc(C(c2ccc(C(=O)O)c(C(=O)O)c2)(C(F)(F)F)C(F)(F)F)cc1C(=O)O,150,72,3,962,0000,0000,14798
NUCREJ_clean,2,2,2,2,0,0,6,6,0,0,10,0,0,0,Zn,1,O=C(O)Cn1ccnc1-c1nccn1CC(=O)O,O=C(O)Cn1ccnc1-c1nccn1CC(=O)O,160,72,2,962,0000,0000,14798
PEKZIP_clean,2,2,2,1,0,0,6,6,0,0,10,0,0,0,Cu,1,c1cc(-c2ccncc2)ccn1,c1cc(-c2ccncc2)ccn1,180,72,1,962,0000,0000,0000
ERULEK_clean,2,2,2,2,0,0,6,6,0,0,10,0,0,0,Zn,1,O=C(O)c1ccc(-c2ccc(C(=O)O)cc2)cc1,O=C(O)c1ccc(-c2ccc(C(=O)O)cc2)cc1,80,96,2,6228,0000,0000,0000
GUHMIH_clean,2,2,2,1,0,0,6,6,0,0,10,0,0,0,Cu,1,O=C(NCCNC(=O)c1cccnc1)c1cccnc1,O=C(NCCNC(=O)c1cccnc1)c1cccnc1,120,96,2,962,0000,0000,313
GIDKOU_clean,2,2,2,2,0,0,6,6,0,0,10,0,0,0,Zn,1,O=C(O)c1nc[nH]c1C(=O)O,O=C(O)c1nc[nH]c1C(=O)O,140,96,2,6228,0000,0000,0000
HUVHIR_clean,2,2,2,2,0,0,6,6,0,0,10,0,0,0,Zn,1,O=C(O)CN(CP(=O)(O)O)c1nc(N(CC(=O)O)CP(=O)(O)O)nc(N(CC(=O)O)CP(=O)(O)O)n1,O=C(O)CN(CP(=O)(O)O)c1nc(N(CC(=O)O)CP(=O)(O)O)nc(N(CC(=O)O)CP(=O)(O)O)n1,110,120,2,962,0000,0000,0000
FOJLOH_clean,2,2,2,2,0,0,6,6,0,0,10,0,0,0,Zn,1,Cc1c(COc2ccc(C(=O)O)cc2)c(C)c(COc2ccc(C(=O)O)cc2)c(C)c1COc1ccc(C(=O)O)cc1,Cc1c(COc2ccc(C(=O)O)cc2)c(C)c(COc2ccc(C(=O)O)cc2)c(C)c1COc1ccc(C(=O)O)cc1,115,120,2,962,6228,0000,0000
HAMJOW_clean,2,2,2,2,0,0,6,6,0,0,10,0,0,0,Zn,1,O=C(O)c1cc(NC(=O)c2ccncc2)cc(C(=O)O)c1,O=C(O)c1cc(NC(=O)c2ccncc2)cc(C(=O)O)c1,120,120,2,6228,0000,0000,0000
DEPXAY_clean,2,2,2,2,0,0,6,6,0,0,10,0,0,0,Zn,1,O=C(O)c1ccncc1C(=O)O,O=C(O)c1ccncc1C(=O)O,140,120,2,962,6228,0000,0000
LACJAC_clean,2,2,2,2,0,0,6,6,0,0,10,0,0,0,Zn,2,O=C(O)c1cccc(C(=O)O)c1,c1nc[nH]n1,140,120,2,962,0000,0000,0000
CADPII_clean,2,2,2,2,0,0,6,6,0,0,10,0,0,0,Zn,1,O=C(O)c1cc(C(=O)O)cc(C(=O)O)c1,O=C(O)c1cc(C(=O)O)cc(C(=O)O)c1,170,120,2,962,0000,0000,14798
ETAXIH_clean,2,2,2,2,0,0,6,6,0,0,10,0,0,0,Zn,1,CCCc1nc(C(=O)O)c(C(=O)O)[nH]1,CCCc1nc(C(=O)O)c(C(=O)O)[nH]1,180,120,2,962,0000,0000,0000
